pagina,endereco,preco,area,quartos,banheiros,vagas,tipo,area_m2,preco_venda,qtd_quartos,qtd_vagas,preco_m2
1,"Lote/Terreno para comprar com 10435 m² em
Jardim Esperança, Jacareí",R$ 10.000.000 IPTU R$ 1.704,"Tamanho do imóvel
10435 m²",,,,Terreno,10435.0,10000000.0,,,958.3133684714902
1,"Lote/Terreno para comprar com 335 m² em
Jardim Califórnia, Jacareí",R$ 280.000 IPTU R$ 60,"Tamanho do imóvel
335 m²",,,,Terreno,335.0,280000.0,,,835.820895522388
1,"Lote/Terreno para comprar com 1000 m² em
Da Cerejeira, Jacareí",R$ 100.000,"Tamanho do imóvel
1000 m²",,,,Terreno,1000.0,100000.0,,,100.0
1,"Lote/Terreno para comprar com 5000 m² em
Centro, Jacareí",R$ 245.000 Cond. R$ 1,"Tamanho do imóvel
5000 m²",,,,Terreno,5000.0,245000.0,,,49.0
1,"Lote/Terreno para comprar com 1000 m² em
Centro, Jacareí",R$ 119.990,"Tamanho do imóvel
1000 m²",,,,Terreno,1000.0,119990.0,,,119.99
1,"Lote/Terreno para comprar com 5612 m² em
Chácaras Rurais Guararema, Jacareí",R$ 535.000,"Tamanho do imóvel
5612 m²",,,,Terreno,5612.0,535000.0,,,95.33143264433357
1,"Lote/Terreno para comprar com 1005 m² em
Centro, Jacareí",R$ 140.000 Cond. R$ 80,"Tamanho do imóvel
1005 m²",,,,Terreno,1005.0,140000.0,,,139.30348258706468
1,"Lote/Terreno para comprar com 1000 m² em
Jardim Primavera, Jacareí",R$ 99.990,"Tamanho do imóvel
1000 m²",,,,Terreno,1000.0,99990.0,,,99.99
1,"Lote/Terreno para comprar com 1000 m² em
Jardim Alvorada, Jacareí",R$ 99.999 Cond. R$ 200 • IPTU R$ 200,"Tamanho do imóvel
1000 m²",,,,Terreno,1000.0,99999.0,,,99.999
1,"Lote/Terreno para comprar com 2268 m², 1 quarto, 1 banheiro, 1 vaga em
Chácaras Reunidas Igarapés, Jacareí",R$ 820.000,"Tamanho do imóvel
2268 m²","Quantidade de quartos
1","Quantidade de banheiros
1","Quantidade de vagas de garagem
1",Terreno,2268.0,820000.0,1.0,1.0,361.5520282186949
1,"Lote/Terreno para comprar com 5000 m² em
Centro, Jacareí",R$ 242.000,"Tamanho do imóvel
5000 m²",,,,Terreno,5000.0,242000.0,,,48.4
1,"Lote/Terreno para comprar com 1185 m² em
Estância Porto Velho, Jacareí",R$ 215.000 IPTU R$ 191,"Tamanho do imóvel
1185 m²",,,,Terreno,1185.0,215000.0,,,181.43459915611814
1,"Lote/Terreno para comprar com 438 m² em
Jardim Bela Vista, Jacareí",R$ 225.000 IPTU R$ 776,"Tamanho do imóvel
438 m²",,,,Terreno,438.0,225000.0,,,513.6986301369863
2,"Lote/Terreno para comprar com 600 m² em
Centro, Jacareí",R$ 79.999,"Tamanho do imóvel
600 m²",,,,Terreno,600.0,79999.0,,,133.33166666666668
2,"Lote/Terreno para comprar com 1000 m² em
Jardim Colônia, Jacareí",R$ 99.990,"Tamanho do imóvel
1000 m²",,,,Terreno,1000.0,99990.0,,,99.99
2,"Lote/Terreno para comprar com 1050 m² em
Chácara Itapoã, Jacareí",R$ 130.000,"Tamanho do imóvel
1050 m²",,,,Terreno,1050.0,130000.0,,,123.80952380952381
2,"Lote/Terreno para comprar com 600 m² em
Centro, Jacareí",R$ 79.999,"Tamanho do imóvel
600 m²",,,,Terreno,600.0,79999.0,,,133.33166666666668
2,"Lote/Terreno para comprar com 334 m² em
Residencial Santa Paula, Jacareí",R$ 350.000,"Tamanho do imóvel
334 m²",,,,Terreno,334.0,350000.0,,,1047.9041916167664
2,"Lote/Terreno para comprar com 137 m² em
Jardim Pitoresco, Jacareí",R$ 92.000,"Tamanho do imóvel
137 m²",,,,Terreno,137.0,92000.0,,,671.5328467153284
2,"Lote/Terreno para comprar com 315 m² em
Condomínio Vem Viver Jacareí, Jacareí",R$ 525.000 Cond. R$ 438 • IPTU R$ 1.500,"Tamanho do imóvel
315 m²",,,,Terreno,315.0,525000.0,,,1666.6666666666667
2,"Lote/Terreno para comprar com 150 m² em
Centro, Jacareí",R$ 119.000,"Tamanho do imóvel
150 m²",,,,Terreno,150.0,119000.0,,,793.3333333333334
2,"Lote/Terreno para comprar com 1000 m² em
Centro, Jacareí",R$ 99.980 Cond. R$ 120 • IPTU R$ 4,"Tamanho do imóvel
1000 m²",,,,Terreno,1000.0,99980.0,,,99.98
2,"Lote/Terreno para comprar com 600 m² em
Centro, Jacareí",R$ 79.999,"Tamanho do imóvel
600 m²",,,,Terreno,600.0,79999.0,,,133.33166666666668
2,"Lote/Terreno para comprar com 5000 m² em
Vila Nova Aliança, Jacareí",R$ 240.000 IPTU R$ 200,"Tamanho do imóvel
5000 m²",,,,Terreno,5000.0,240000.0,,,48.0
2,"Lote/Terreno para comprar com 1630 m² em
Veraneio Ijal, Jacareí",R$ 140.000 IPTU R$ 241,"Tamanho do imóvel
1630 m²",,,,Terreno,1630.0,140000.0,,,85.88957055214723
2,"Lote/Terreno para comprar com 1000 m² em
Jardim Marcondes, Jacareí",R$ 99.990,"Tamanho do imóvel
1000 m²",,,,Terreno,1000.0,99990.0,,,99.99
3,"Lote/Terreno para comprar com 270 m² em
Jardim Residencial Golden Park, Jacareí",R$ 375.000 Cond. R$ 500 • IPTU R$ 800,"Tamanho do imóvel
270 m²",,,,Terreno,270.0,375000.0,,,1388.888888888889
3,"Lote/Terreno para comprar com 1400 m² em
Veraneio Ijal, Jacareí",R$ 165.000,"Tamanho do imóvel
1400 m²",,,,Terreno,1400.0,165000.0,,,117.85714285714286
3,"Lote/Terreno para comprar com 250 m² em
Jardim do Vale, Jacareí",R$ 180.000 IPTU R$ 676,"Tamanho do imóvel
250 m²",,,,Terreno,250.0,180000.0,,,720.0
3,"Lote/Terreno para comprar com 277 m² em
Bandeira Branca, Jacareí",R$ 320.000 Cond. R$ 380 • IPTU R$ 1.080,"Tamanho do imóvel
277 m²",,,,Terreno,277.0,320000.0,,,1155.2346570397112
3,"Lote/Terreno para comprar com 600 m² em
Centro, Jacareí",R$ 79.999,"Tamanho do imóvel
600 m²",,,,Terreno,600.0,79999.0,,,133.33166666666668
3,"Lote/Terreno para comprar com 600 m² em
Centro, Jacareí",R$ 69.990,"Tamanho do imóvel
600 m²",,,,Terreno,600.0,69990.0,,,116.65
3,"Lote/Terreno para comprar com 600 m² em
Chácaras Reunidas Igarapés, Jacareí",R$ 79.990,"Tamanho do imóvel
600 m²",,,,Terreno,600.0,79990.0,,,133.31666666666666
3,"Lote/Terreno para comprar com 600 m² em
Centro, Jacareí",R$ 79.999,"Tamanho do imóvel
600 m²",,,,Terreno,600.0,79999.0,,,133.33166666666668
4,"Lote/Terreno para comprar com 250 m² em
Loteamento Villa Branca, Jacareí",R$ 550.000,"Tamanho do imóvel
250 m²",,,,Terreno,250.0,550000.0,,,2200.0
4,"Lote/Terreno para comprar com 250 m² em
Loteamento Villa Branca, Jacareí",R$ 430.000 IPTU R$ 100,"Tamanho do imóvel
250 m²",,,,Terreno,250.0,430000.0,,,1720.0
4,"Lote/Terreno para comprar com 1000 m² em
Cidade Nova Jacareí, Jacareí",R$ 99.999 Cond. R$ 200 • IPTU R$ 200,"Tamanho do imóvel
1000 m²",,,,Terreno,1000.0,99999.0,,,99.999
4,"Lote/Terreno para comprar com 479 m² em
Jardim Terras de Santa Helena, Jacareí",R$ 230.000,"Tamanho do imóvel
479 m²",,,,Terreno,479.0,230000.0,,,480.1670146137787
4,"Lote/Terreno para comprar com 600 m² em
Centro, Jacareí",R$ 79.999,"Tamanho do imóvel
600 m²",,,,Terreno,600.0,79999.0,,,133.33166666666668
4,"Lote/Terreno para comprar com 1000 m² em
Centro, Jacareí",R$ 99.900 Cond. R$ 150 • IPTU R$ 4,"Tamanho do imóvel
1000 m²",,,,Terreno,1000.0,99900.0,,,99.9
5,"Lote/Terreno para comprar com 600 m² em
Centro, Jacareí",R$ 79.980,"Tamanho do imóvel
600 m²",,,,Terreno,600.0,79980.0,,,133.3
5,"Lote/Terreno para comprar com 224 m² em
Residencial Parque dos Sinos, Jacareí",R$ 280.000,"Tamanho do imóvel
224 m²",,,,Terreno,224.0,280000.0,,,1250.0
5,"Lote/Terreno para comprar com 320 m², 5 vagas em
Jardim Terras de São João, Jacareí",R$ 300.000 IPTU R$ 280,"Tamanho do imóvel
320 m²",,,"Quantidade de vagas de garagem
5",Terreno,320.0,300000.0,,5.0,937.5
5,"Lote/Terreno para comprar com 62312 m² em
Parateí do Meio, Jacareí",R$ 19.000.000 IPTU R$ 5.300,"Tamanho do imóvel
62312 m²",,,,Terreno,62312.0,19000000.0,,,304.91719091025806
5,"Lote/Terreno para comprar com 600 m² em
Centro, Jacareí",R$ 79.990,"Tamanho do imóvel
600 m²",,,,Terreno,600.0,79990.0,,,133.31666666666666
5,"Lote/Terreno para comprar com 1000 m² em
Centro, Jacareí",R$ 100.000 Cond. R$ 170 • IPTU R$ 4,"Tamanho do imóvel
1000 m²",,,,Terreno,1000.0,100000.0,,,100.0
5,"Lote/Terreno para comprar com 0 m² em
Parque dos Príncipes, Jacareí",R$ 100.000,"Tamanho do imóvel
0 m²",,,,Terreno,0.0,100000.0,,,inf
5,"Lote/Terreno para comprar com 175 m² em
Residencial Parque dos Sinos, Jacareí",R$ 182.000,"Tamanho do imóvel
175 m²",,,,Terreno,175.0,182000.0,,,1040.0
5,"Lote/Terreno para comprar com 5000 m² em
Centro, Jacareí",R$ 242.000,"Tamanho do imóvel
5000 m²",,,,Terreno,5000.0,242000.0,,,48.4
5,"Lote/Terreno para comprar com 312 m² em
Loteamento Villa Branca, Jacareí",R$ 479.000,"Tamanho do imóvel
312 m²",,,,Terreno,312.0,479000.0,,,1535.2564102564102
6,"Lote/Terreno para comprar com 1000 m² em
Jardim das Indústrias, Jacareí",R$ 99.990,"Tamanho do imóvel
1000 m²",,,,Terreno,1000.0,99990.0,,,99.99
6,"Lote/Terreno para comprar com 300 m² em
Jardim Santa Maria, Jacareí",R$ 330.000,"Tamanho do imóvel
300 m²",,,,Terreno,300.0,330000.0,,,1100.0
6,"Lote/Terreno para comprar com 472 m² em
Jardim Bela Vista, Jacareí",R$ 225.000 IPTU R$ 817,"Tamanho do imóvel
472 m²",,,,Terreno,472.0,225000.0,,,476.6949152542373
6,"Lote/Terreno para comprar com 140 m² em
Parque dos Príncipes, Jacareí",R$ 120.000 IPTU R$ 450,"Tamanho do imóvel
140 m²",,,,Terreno,140.0,120000.0,,,857.1428571428571
6,"Lote/Terreno para comprar com 600 m² em
Centro, Jacareí",R$ 79.999,"Tamanho do imóvel
600 m²",,,,Terreno,600.0,79999.0,,,133.33166666666668
6,"Lote/Terreno para comprar com 920 m² em
Jardim Olympia, Jacareí",R$ 210.000,"Tamanho do imóvel
920 m²",,,,Terreno,920.0,210000.0,,,228.2608695652174
7,"Lote/Terreno para comprar com 600 m² em
Centro, Jacareí",R$ 79.999,"Tamanho do imóvel
600 m²",,,,Terreno,600.0,79999.0,,,133.33166666666668
7,"Lote/Terreno para comprar com 300 m² em
Jardim Santa Maria, Jacareí",R$ 330.000,"Tamanho do imóvel
300 m²",,,,Terreno,300.0,330000.0,,,1100.0
7,"Lote/Terreno para comprar com 1000 m² em
Vila Nova Aliança, Jacareí",R$ 100.000 Cond. R$ 100 • IPTU R$ 200,"Tamanho do imóvel
1000 m²",,,,Terreno,1000.0,100000.0,,,100.0
7,"Lote/Terreno para comprar com 1000 m² em
Jardim Colônia, Jacareí",R$ 122.500 Cond. R$ 100,"Tamanho do imóvel
1000 m²",,,,Terreno,1000.0,122500.0,,,122.5
8,"Lote/Terreno para comprar com 250 m² em
Condomínio Vem Viver Jacareí, Jacareí",R$ 420.000 Cond. R$ 400,"Tamanho do imóvel
250 m²",,,,Terreno,250.0,420000.0,,,1680.0
8,"Lote/Terreno para comprar com 300 m² em
Jardim Santa Maria, Jacareí",R$ 330.000,"Tamanho do imóvel
300 m²",,,,Terreno,300.0,330000.0,,,1100.0
8,"Lote/Terreno para comprar com 250 m² em
Jardim Residencial Golden Park, Jacareí",R$ 372.000,"Tamanho do imóvel
250 m²",,,,Terreno,250.0,372000.0,,,1488.0
8,"Lote/Terreno para comprar com 5000 m² em
Bandeira Branca, Jacareí",R$ 242.000 Cond. R$ 100,"Tamanho do imóvel
5000 m²",,,,Terreno,5000.0,242000.0,,,48.4
8,"Lote/Terreno para comprar com 1100 m² em
Veraneio Ijal, Jacareí",R$ 205.000,"Tamanho do imóvel
1100 m²",,,,Terreno,1100.0,205000.0,,,186.36363636363637
9,"Lote/Terreno para comprar com 1456 m² em
Chácaras Reunidas Igarapés, Jacareí",R$ 230.000,"Tamanho do imóvel
1456 m²",,,,Terreno,1456.0,230000.0,,,157.96703296703296
9,"Lote/Terreno para comprar com 225 m² em
Jardim Novo Amanhecer, Jacareí",R$ 130.000,"Tamanho do imóvel
225 m²",,,,Terreno,225.0,130000.0,,,577.7777777777778
9,"Lote/Terreno para comprar com 600 m² em
Centro, Jacareí",R$ 79.999,"Tamanho do imóvel
600 m²",,,,Terreno,600.0,79999.0,,,133.33166666666668
9,"Lote/Terreno para comprar com 0 m² em
Jardim Novo Amanhecer, Jacareí",R$ 100.000,"Tamanho do imóvel
0 m²",,,,Terreno,0.0,100000.0,,,inf
10,"Lote/Terreno para comprar com 600 m² em
Centro, Jacareí",R$ 69.990,"Tamanho do imóvel
600 m²",,,,Terreno,600.0,69990.0,,,116.65
10,"Lote/Terreno para comprar com 150 m² em
Jardim do Marquês, Jacareí",R$ 130.000 IPTU R$ 350,"Tamanho do imóvel
150 m²",,,,Terreno,150.0,130000.0,,,866.6666666666666
10,"Lote/Terreno para comprar com 1162 m² em
Jardim Rio Comprido, Jacareí",R$ 668.000 Cond. R$ 500,"Tamanho do imóvel
1162 m²",,,,Terreno,1162.0,668000.0,,,574.8709122203098
10,"Lote/Terreno para comprar com 5000 m² em
Condomínio Residence Club, Jacareí",R$ 245.000 Cond. R$ 1,"Tamanho do imóvel
5000 m²",,,,Terreno,5000.0,245000.0,,,49.0
11,"Lote/Terreno para comprar com 1057 m² em
Jardim Nova Esperança, Jacareí",R$ 360.000 Cond. R$ 7 • IPTU R$ 850,"Tamanho do imóvel
1057 m²",,,,Terreno,1057.0,360000.0,,,340.58656575212865
11,"Lote/Terreno para comprar com 29627 m² em
Jardim Santa Maria, Jacareí",R$ 13.332.150 IPTU R$ 300,"Tamanho do imóvel
29627 m²",,,,Terreno,29627.0,13332150.0,,,450.0
11,"Lote/Terreno para comprar com 236 m² em
Parque dos Príncipes, Jacareí",R$ 130.000 IPTU R$ 30,"Tamanho do imóvel
236 m²",,,,Terreno,236.0,130000.0,,,550.8474576271186
11,"Lote/Terreno para comprar com 600 m² em
Centro, Jacareí",R$ 69.999,"Tamanho do imóvel
600 m²",,,,Terreno,600.0,69999.0,,,116.665
11,"Lote/Terreno para comprar com 250 m² em
Jardim Residencial Golden Park, Jacareí",R$ 358.000 Cond. R$ 485 • IPTU R$ 1.026,"Tamanho do imóvel
250 m²",,,,Terreno,250.0,358000.0,,,1432.0
11,"Lote/Terreno para comprar com 250 m² em
Condomínio Residencial Fogaça, Jacareí",R$ 330.000 Cond. R$ 350 • IPTU R$ 100,"Tamanho do imóvel
250 m²",,,,Terreno,250.0,330000.0,,,1320.0
11,"Lote/Terreno para comprar com 5000 m² em
Condomínio Residence Club, Jacareí",R$ 242.000 Cond. R$ 1,"Tamanho do imóvel
5000 m²",,,,Terreno,5000.0,242000.0,,,48.4
12,"Lote/Terreno para comprar com 544 m² em
Jardim Marcondes, Jacareí",R$ 560.000,"Tamanho do imóvel
544 m²",,,,Terreno,544.0,560000.0,,,1029.4117647058824
12,"Lote/Terreno para comprar com 350 m² em
Parque Santo Antônio, Jacareí",R$ 350.000 IPTU R$ 570,"Tamanho do imóvel
350 m²",,,,Terreno,350.0,350000.0,,,1000.0
12,"Imóvel para comprar com 40 m², 1 quarto, 1 banheiro, 1 vaga em
Loteamento Villa Branca, Jacareí",R$ 400.000 Cond. R$ 300,"Tamanho do imóvel
40 m²","Quantidade de quartos
1","Quantidade de banheiros
1","Quantidade de vagas de garagem
1",Terreno,40.0,400000.0,1.0,1.0,10000.0
12,"Lote/Terreno para comprar com 5000 m² em
Condomínio Residence Club, Jacareí",R$ 240.000 Cond. R$ 1,"Tamanho do imóvel
5000 m²",,,,Terreno,5000.0,240000.0,,,48.0
12,"Lote/Terreno para comprar com 250 m² em
Cidade Jardim, Jacareí",R$ 270.000 IPTU R$ 1.100,"Tamanho do imóvel
250 m²",,,,Terreno,250.0,270000.0,,,1080.0
13,"Lote/Terreno para comprar com 250 m² em
Cidade Jardim, Jacareí",R$ 270.000 IPTU R$ 1.100,"Tamanho do imóvel
250 m²",,,,Terreno,250.0,270000.0,,,1080.0
13,"Lote/Terreno para comprar com 259 m² em
Jardim Jacinto, Jacareí",R$ 310.000,"Tamanho do imóvel
259 m²",,,,Terreno,259.0,310000.0,,,1196.9111969111968
13,"Lote/Terreno para comprar com 3026 m² em
Bandeira Branca, Jacareí",R$ 400.000 Cond. R$ 485 • IPTU R$ 200,"Tamanho do imóvel
3026 m²",,,,Terreno,3026.0,400000.0,,,132.18770654329148
13,"Lote/Terreno para comprar com 300 m² em
Jardim Santa Maria, Jacareí",R$ 330.000,"Tamanho do imóvel
300 m²",,,,Terreno,300.0,330000.0,,,1100.0
13,"Lote/Terreno para comprar com 300 m² em
Jardim Santa Maria, Jacareí",R$ 350.000,"Tamanho do imóvel
300 m²",,,,Terreno,300.0,350000.0,,,1166.6666666666667
13,"Lote/Terreno para comprar com 720 m² em
Jardim Maria Amélia, Jacareí",R$ 300.000,"Tamanho do imóvel
720 m²",,,,Terreno,720.0,300000.0,,,416.6666666666667
13,"Lote/Terreno para comprar com 250 m² em
Loteamento Villa Branca, Jacareí",R$ 480.000 IPTU R$ 110,"Tamanho do imóvel
250 m²",,,,Terreno,250.0,480000.0,,,1920.0
14,"Lote/Terreno para comprar com 175 m² em
Residencial Parque dos Sinos, Jacareí",R$ 195.000,"Tamanho do imóvel
175 m²",,,,Terreno,175.0,195000.0,,,1114.2857142857142
14,"Lote/Terreno para comprar com 250 m² em
Condomínio Residencial Fogaça, Jacareí",R$ 370.000 Cond. R$ 400,"Tamanho do imóvel
250 m²",,,,Terreno,250.0,370000.0,,,1480.0
14,"Lote/Terreno para comprar com 331 m² em
Jardim Terras de São João, Jacareí",R$ 270.000,"Tamanho do imóvel
331 m²",,,,Terreno,331.0,270000.0,,,815.7099697885196
14,"Lote/Terreno para comprar com 1174 m² em
Bandeira Branca, Jacareí",R$ 395.000 Cond. R$ 974 • IPTU R$ 96,"Tamanho do imóvel
1174 m²",,,,Terreno,1174.0,395000.0,,,336.4565587734242
14,"Lote/Terreno para comprar com 2691 m² em
Chácaras Rurais Guararema, Jacareí",R$ 340.000,"Tamanho do imóvel
2691 m²",,,,Terreno,2691.0,340000.0,,,126.347082868822
15,"Lote/Terreno para comprar com 175 m² em
Residencial Parque dos Sinos, Jacareí",R$ 185.000,"Tamanho do imóvel
175 m²",,,,Terreno,175.0,185000.0,,,1057.142857142857
15,"Lote/Terreno para comprar com 392 m² em
Jardim São Luiz, Jacareí",R$ 188.000,"Tamanho do imóvel
392 m²",,,,Terreno,392.0,188000.0,,,479.59183673469386
16,"Lote/Terreno para comprar com 363 m² em
Jardim Terras de Santa Helena, Jacareí",R$ 140.000,"Tamanho do imóvel
363 m²",,,,Terreno,363.0,140000.0,,,385.6749311294766
16,"Lote/Terreno para comprar com 600 m² em
Centro, Jacareí",R$ 79.999,"Tamanho do imóvel
600 m²",,,,Terreno,600.0,79999.0,,,133.33166666666668
17,"Lote/Terreno para comprar com 1049 m² em
Condomínio Parque Vale dos Lagos, Jacareí",R$ 300.000,"Tamanho do imóvel
1049 m²",,,,Terreno,1049.0,300000.0,,,285.9866539561487
17,"Lote/Terreno para comprar com 245 m² em
Jardim Jacinto, Jacareí",R$ 426.000 Cond. R$ 200 • IPTU R$ 100,"Tamanho do imóvel
245 m²",,,,Terreno,245.0,426000.0,,,1738.7755102040817
17,"Lote/Terreno para comprar com 600 m² em
Centro, Jacareí",R$ 79.999,"Tamanho do imóvel
600 m²",,,,Terreno,600.0,79999.0,,,133.33166666666668
17,"Lote/Terreno para comprar com 600 m² em
Centro, Jacareí",R$ 79.990,"Tamanho do imóvel
600 m²",,,,Terreno,600.0,79990.0,,,133.31666666666666
17,"Lote/Terreno para comprar com 250 m² em
Cidade Jardim, Jacareí",R$ 270.000 IPTU R$ 105,"Tamanho do imóvel
250 m²",,,,Terreno,250.0,270000.0,,,1080.0
18,"Lote/Terreno para comprar com 250 m² em
Condomínio Vem Viver Jacareí, Jacareí",R$ 532.000 Cond. R$ 350 • IPTU R$ 60,"Tamanho do imóvel
250 m²",,,,Terreno,250.0,532000.0,,,2128.0
18,"Lote/Terreno para comprar com 500 m² em
Centro, Jacareí",R$ 89.900 Cond. R$ 1,"Tamanho do imóvel
500 m²",,,,Terreno,500.0,89900.0,,,179.8
18,"Lote/Terreno para comprar com 1000 m² em
Jardim Olympia, Jacareí",R$ 250.000,"Tamanho do imóvel
1000 m²",,,,Terreno,1000.0,250000.0,,,250.0
18,"Lote/Terreno para comprar com 223 m² em
Jardim do Vale, Jacareí",R$ 180.000 IPTU R$ 929,"Tamanho do imóvel
223 m²",,,,Terreno,223.0,180000.0,,,807.1748878923767
18,"Lote/Terreno para comprar com 600 m² em
Centro, Jacareí",R$ 79.999,"Tamanho do imóvel
600 m²",,,,Terreno,600.0,79999.0,,,133.33166666666668
19,"Lote/Terreno para comprar com 225 m² em
Loteamento Villa Branca, Jacareí",R$ 269.000 IPTU R$ 1.200,"Tamanho do imóvel
225 m²",,,,Terreno,225.0,269000.0,,,1195.5555555555557
19,"Flat para comprar com 40 m², 1 quarto, 1 banheiro, 1 vaga em
Loteamento Villa Branca, Jacareí",R$ 340.000,"Tamanho do imóvel
40 m²","Quantidade de quartos
1","Quantidade de banheiros
1","Quantidade de vagas de garagem
1",Terreno,40.0,340000.0,1.0,1.0,8500.0
19,"Lote/Terreno para comprar com 120 m² em
Jardim do Marquês, Jacareí",R$ 120.000 IPTU R$ 242,"Tamanho do imóvel
120 m²",,,,Terreno,120.0,120000.0,,,1000.0
19,"Lote/Terreno para comprar com 400 m² em
Jardim Terras de São João, Jacareí",R$ 370.000 IPTU R$ 400,"Tamanho do imóvel
400 m²",,,,Terreno,400.0,370000.0,,,925.0
19,"Lote/Terreno para comprar com 1628 m² em
Bandeira Branca, Jacareí",R$ 390.000 Cond. R$ 400,"Tamanho do imóvel
1628 m²",,,,Terreno,1628.0,390000.0,,,239.55773955773955
20,"Lote/Terreno para comprar com 212 m² em
Jardim Jacinto, Jacareí",R$ 300.000 Cond. R$ 350 • IPTU R$ 60,"Tamanho do imóvel
212 m²",,,,Terreno,212.0,300000.0,,,1415.0943396226414
20,"Lote/Terreno para comprar com 175 m² em
Loteamento Villa Branca, Jacareí",R$ 254.400 IPTU R$ 75,"Tamanho do imóvel
175 m²",,,,Terreno,175.0,254400.0,,,1453.7142857142858
20,"Lote/Terreno para comprar com 2000 m² em
Chácaras Condomínio Recanto Pássaros II, Jacareí",R$ 150.000 Cond. R$ 250 • IPTU R$ 100,"Tamanho do imóvel
2000 m²",,,,Terreno,2000.0,150000.0,,,75.0
20,"Lote/Terreno para comprar com 1204 m² em
Parque Imperial, Jacareí",R$ 290.000,"Tamanho do imóvel
1204 m²",,,,Terreno,1204.0,290000.0,,,240.86378737541528
20,"Lote/Terreno para comprar com 296 m² em
Residencial Santa Paula, Jacareí",R$ 402.800,"Tamanho do imóvel
296 m²",,,,Terreno,296.0,402800.0,,,1360.8108108108108
21,"Lote/Terreno para comprar com 10435 m² em
Jardim Esperança, Jacareí",R$ 10.000.000 IPTU R$ 1.704,"Tamanho do imóvel
10435 m²",,,,Terreno,10435.0,10000000.0,,,958.3133684714902
21,"Lote/Terreno para comprar com 296 m² em
Residencial Santa Paula, Jacareí",R$ 402.800,"Tamanho do imóvel
296 m²",,,,Terreno,296.0,402800.0,,,1360.8108108108108
21,"Lote/Terreno para comprar com 5000 m² em
Centro, Jacareí",R$ 272.000 IPTU R$ 1,"Tamanho do imóvel
5000 m²",,,,Terreno,5000.0,272000.0,,,54.4
21,"Lote/Terreno para comprar com 250 m² em
Condomínio Vem Viver Jacareí, Jacareí",R$ 470.000 Cond. R$ 480,"Tamanho do imóvel
250 m²",,,,Terreno,250.0,470000.0,,,1880.0
22,"Fazenda/Sítio/Chácara para comprar com 115 m², 2 quartos, 1 banheiro em
Loteamento Villa Branca, Jacareí",R$ 1.150.000,"Tamanho do imóvel
115 m²","Quantidade de quartos
2","Quantidade de banheiros
1",,Terreno,115.0,1150000.0,2.0,,10000.0
22,"Lote/Terreno para comprar com 5000 m² em
Centro, Jacareí",R$ 239.999 Cond. R$ 1,"Tamanho do imóvel
5000 m²",,,,Terreno,5000.0,239999.0,,,47.9998
22,"Lote/Terreno para comprar com 5000 m² em
Centro, Jacareí",R$ 242.000,"Tamanho do imóvel
5000 m²",,,,Terreno,5000.0,242000.0,,,48.4
22,"Lote/Terreno para comprar com 315 m² em
Bandeira Branca, Jacareí",R$ 383.000 Cond. R$ 350 • IPTU R$ 900,"Tamanho do imóvel
315 m²",,,,Terreno,315.0,383000.0,,,1215.873015873016
22,"Lote/Terreno para comprar com 307 m² em
Jardim Residencial Golden Park, Jacareí",R$ 380.000 Cond. R$ 463,"Tamanho do imóvel
307 m²",,,,Terreno,307.0,380000.0,,,1237.785016286645
22,"Lote/Terreno para comprar com 1150 m² em
Loteamento Residencial Parque Lago Dourado, Jacareí",R$ 250.000 Cond. R$ 500 • IPTU R$ 100,"Tamanho do imóvel
1150 m²",,,,Terreno,1150.0,250000.0,,,217.3913043478261
22,"Lote/Terreno para comprar com 250 m² em
Jardim São Gabriel, Jacareí",R$ 328.000 Cond. R$ 460 • IPTU R$ 51,"Tamanho do imóvel
250 m²",,,,Terreno,250.0,328000.0,,,1312.0
22,"Imóvel para comprar com 120 m², 3 quartos, 2 banheiros, 2 vagas em
Loteamento Villa Branca, Jacareí",R$ 720.000 IPTU R$ 80,"Tamanho do imóvel
120 m²","Quantidade de quartos
3","Quantidade de banheiros
2","Quantidade de vagas de garagem
2",Terreno,120.0,720000.0,3.0,2.0,6000.0
22,"Lote/Terreno para comprar com 300 m² em
Jardim Paraíba, Jacareí",R$ 510.000 Cond. R$ 450,"Tamanho do imóvel
300 m²",,,,Terreno,300.0,510000.0,,,1700.0
23,"Lote/Terreno para comprar com 3764 m² em
Centro, Jacareí",R$ 4.500.000,"Tamanho do imóvel
3764 m²",,,,Terreno,3764.0,4500000.0,,,1195.5366631243357
23,"Lote/Terreno para comprar com 250 m² em
Jardim São Gabriel, Jacareí",R$ 328.000 Cond. R$ 460 • IPTU R$ 51,"Tamanho do imóvel
250 m²",,,,Terreno,250.0,328000.0,,,1312.0
23,"Imóvel para comprar com 120 m², 3 quartos, 2 banheiros, 2 vagas em
Loteamento Villa Branca, Jacareí",R$ 720.000 IPTU R$ 80,"Tamanho do imóvel
120 m²","Quantidade de quartos
3","Quantidade de banheiros
2","Quantidade de vagas de garagem
2",Terreno,120.0,720000.0,3.0,2.0,6000.0
23,"Lote/Terreno para comprar com 1000 m² em
Chácaras Santa Maria, Jacareí",R$ 260.000,"Tamanho do imóvel
1000 m²",,,,Terreno,1000.0,260000.0,,,260.0
23,"Lote/Terreno para comprar com 140 m² em
Residencial Santa Paula, Jacareí",R$ 165.000,"Tamanho do imóvel
140 m²",,,,Terreno,140.0,165000.0,,,1178.5714285714287
23,"Lote/Terreno para comprar com 5000 m² em
Centro, Jacareí",R$ 241.999,"Tamanho do imóvel
5000 m²",,,,Terreno,5000.0,241999.0,,,48.3998
24,"Lote/Terreno para comprar com 207 m² em
Loteamento Villa Branca, Jacareí",R$ 420.000,"Tamanho do imóvel
207 m²",,,,Terreno,207.0,420000.0,,,2028.9855072463768
24,"Lote/Terreno para comprar com 295 m² em
Cidade Jardim, Jacareí",R$ 320.000 IPTU R$ 1.610,"Tamanho do imóvel
295 m²",,,,Terreno,295.0,320000.0,,,1084.7457627118645
24,"Lote/Terreno para comprar com 250 m² em
Loteamento Villa Branca, Jacareí",R$ 400.000 IPTU R$ 80,"Tamanho do imóvel
250 m²",,,,Terreno,250.0,400000.0,,,1600.0
24,"Lote/Terreno para comprar com 250 m² em
Jardim Residencial Golden Park, Jacareí",R$ 355.000 Cond. R$ 463 • IPTU R$ 550,"Tamanho do imóvel
250 m²",,,,Terreno,250.0,355000.0,,,1420.0
24,"Lote/Terreno para comprar com 383 m² em
Cidade Jardim, Jacareí",R$ 350.000,"Tamanho do imóvel
383 m²",,,,Terreno,383.0,350000.0,,,913.8381201044386
24,"Lote/Terreno para comprar com 380 m² em
Jardim Flórida, Jacareí",R$ 371.000,"Tamanho do imóvel
380 m²",,,,Terreno,380.0,371000.0,,,976.3157894736842
24,"Lote/Terreno para comprar com 300 m² em
Jardim Santa Maria, Jacareí",R$ 330.000,"Tamanho do imóvel
300 m²",,,,Terreno,300.0,330000.0,,,1100.0
25,"Lote/Terreno para comprar com 250 m², 1 banheiro, 5 vagas em
Jardim Didinha, Jacareí",R$ 223.000,"Tamanho do imóvel
250 m²",,"Quantidade de banheiros
1","Quantidade de vagas de garagem
5",Terreno,250.0,223000.0,,5.0,892.0
25,"Lote/Terreno para comprar com 472 m² em
Jardim Flórida, Jacareí",R$ 480.000,"Tamanho do imóvel
472 m²",,,,Terreno,472.0,480000.0,,,1016.9491525423729
25,"Lote/Terreno para comprar com 324 m² em
Jardim Marister, Jacareí",R$ 350.000,"Tamanho do imóvel
324 m²",,,,Terreno,324.0,350000.0,,,1080.2469135802469
26,"Lote/Terreno para comprar com 5000 m² em
Centro, Jacareí",R$ 240.000 Cond. R$ 1,"Tamanho do imóvel
5000 m²",,,,Terreno,5000.0,240000.0,,,48.0
26,"Lote/Terreno para comprar com 256 m² em
Jardim Jacinto, Jacareí",R$ 310.000 Cond. R$ 350,"Tamanho do imóvel
256 m²",,,,Terreno,256.0,310000.0,,,1210.9375
26,"Lote/Terreno para comprar com 600 m² em
Centro, Jacareí",R$ 69.990 Cond. R$ 70,"Tamanho do imóvel
600 m²",,,,Terreno,600.0,69990.0,,,116.65
26,"Lote/Terreno para comprar com 0 m² em
Jardim Jacinto, Jacareí",R$ 320.000 Cond. R$ 277,"Tamanho do imóvel
0 m²",,,,Terreno,0.0,320000.0,,,inf
27,"Lote/Terreno para comprar com 173 m² em
Residencial Santa Paula, Jacareí",R$ 180.000 IPTU R$ 420,"Tamanho do imóvel
173 m²",,,,Terreno,173.0,180000.0,,,1040.4624277456646
27,"Lote/Terreno para comprar com 5000 m² em
Centro, Jacareí",R$ 242.000,"Tamanho do imóvel
5000 m²",,,,Terreno,5000.0,242000.0,,,48.4
27,"Lote/Terreno para comprar com 254 m² em
Jardim das Oliveiras, Jacareí",R$ 240.000 IPTU R$ 747,"Tamanho do imóvel
254 m²",,,,Terreno,254.0,240000.0,,,944.8818897637796
27,"Lote/Terreno para comprar com 7514 m² em
Cidade Salvador, Jacareí",R$ 1.100.000 IPTU R$ 21.000,"Tamanho do imóvel
7514 m²",,,,Terreno,7514.0,1100000.0,,,146.3933989885547
27,"Lote/Terreno para comprar com 250 m² em
Cidade Jardim, Jacareí",R$ 235.000 IPTU R$ 1.281,"Tamanho do imóvel
250 m²",,,,Terreno,250.0,235000.0,,,940.0
28,"Lote/Terreno para comprar com 250 m² em
Loteamento Villa Branca, Jacareí",R$ 550.000,"Tamanho do imóvel
250 m²",,,,Terreno,250.0,550000.0,,,2200.0
28,"Lote/Terreno para comprar com 212 m² em
Jardim Jacinto, Jacareí",R$ 300.000 Cond. R$ 450,"Tamanho do imóvel
212 m²",,,,Terreno,212.0,300000.0,,,1415.0943396226414
28,"Lote/Terreno para comprar com 250 m² em
Jardim Terras de Santa Helena, Jacareí",R$ 149.900,"Tamanho do imóvel
250 m²",,,,Terreno,250.0,149900.0,,,599.6
28,"Lote/Terreno para comprar com 314 m² em
Cidade Jardim, Jacareí",R$ 300.000 Cond. R$ 150,"Tamanho do imóvel
314 m²",,,,Terreno,314.0,300000.0,,,955.4140127388536
28,"Lote/Terreno para comprar com 250 m² em
Condomínio Residencial Fogaça, Jacareí",R$ 350.000,"Tamanho do imóvel
250 m²",,,,Terreno,250.0,350000.0,,,1400.0
28,"Lote/Terreno para comprar com 250 m² em
Jardim Residencial Golden Park, Jacareí",R$ 315.000 Cond. R$ 350 • IPTU R$ 1.000,"Tamanho do imóvel
250 m²",,,,Terreno,250.0,315000.0,,,1260.0
28,"Lote/Terreno para comprar com 136 m² em
Parque Imperial, Jacareí",R$ 110.000,"Tamanho do imóvel
136 m²",,,,Terreno,136.0,110000.0,,,808.8235294117648
29,"Lote/Terreno para comprar com 350 m² em
Loteamento Villa Branca, Jacareí",R$ 650.000 Cond. R$ 670 • IPTU R$ 2.000,"Tamanho do imóvel
350 m²",,,,Terreno,350.0,650000.0,,,1857.142857142857
29,"Lote/Terreno para comprar com 356 m² em
Jardim Santa Maria, Jacareí",R$ 390.000 IPTU R$ 150,"Tamanho do imóvel
356 m²",,,,Terreno,356.0,390000.0,,,1095.5056179775281
29,"Lote/Terreno para comprar com 225 m² em
Jardim Leblon, Jacareí",R$ 125.000 IPTU R$ 332,"Tamanho do imóvel
225 m²",,,,Terreno,225.0,125000.0,,,555.5555555555555
29,"Lote/Terreno para comprar com 150 m² em
Jardim Califórnia, Jacareí",R$ 270.000,"Tamanho do imóvel
150 m²",,,,Terreno,150.0,270000.0,,,1800.0
29,"Lote/Terreno para comprar com 250 m² em
Condomínio Vem Viver Jacareí, Jacareí",R$ 565.000 Cond. R$ 350 • IPTU R$ 60,"Tamanho do imóvel
250 m²",,,,Terreno,250.0,565000.0,,,2260.0
30,"Lote/Terreno para comprar com 330 m² em
Jardim Flórida, Jacareí",R$ 325.000 IPTU R$ 280,"Tamanho do imóvel
330 m²",,,,Terreno,330.0,325000.0,,,984.8484848484849
30,"Lote/Terreno para comprar com 1456 m² em
Chácaras Reunidas Igarapés, Jacareí",R$ 230.000 IPTU R$ 85,"Tamanho do imóvel
1456 m²",,,,Terreno,1456.0,230000.0,,,157.96703296703296
30,"Lote/Terreno para comprar com 5000 m² em
Centro, Jacareí",R$ 241.999,"Tamanho do imóvel
5000 m²",,,,Terreno,5000.0,241999.0,,,48.3998
30,"Lote/Terreno para comprar com 125 m² em
Jardim Emília, Jacareí",R$ 135.000 IPTU R$ 402,"Tamanho do imóvel
125 m²",,,,Terreno,125.0,135000.0,,,1080.0
30,"Lote/Terreno para comprar com 350 m² em
Loteamento Villa Branca, Jacareí",R$ 630.000 Cond. R$ 450 • IPTU R$ 1.000,"Tamanho do imóvel
350 m²",,,,Terreno,350.0,630000.0,,,1800.0
30,"Lote/Terreno para comprar com 125 m² em
Jardim Novo Amanhecer, Jacareí",R$ 120.000 IPTU R$ 1.000,"Tamanho do imóvel
125 m²",,,,Terreno,125.0,120000.0,,,960.0
31,"Lote/Terreno para comprar com 250 m² em
Loteamento Villa Branca, Jacareí",R$ 375.000 IPTU R$ 110,"Tamanho do imóvel
250 m²",,,,Terreno,250.0,375000.0,,,1500.0
31,"Lote/Terreno para comprar com 250 m² em
Condomínio Vem Viver Jacareí, Jacareí",R$ 445.000 Cond. R$ 438 • IPTU R$ 1.000,"Tamanho do imóvel
250 m²",,,,Terreno,250.0,445000.0,,,1780.0
31,"Lote/Terreno para comprar com 250 m² em
Loteamento Villa Branca, Jacareí",R$ 480.000 IPTU R$ 150,"Tamanho do imóvel
250 m²",,,,Terreno,250.0,480000.0,,,1920.0
31,"Lote/Terreno para comprar com 5000 m² em
Centro, Jacareí",R$ 240.000 Cond. R$ 1,"Tamanho do imóvel
5000 m²",,,,Terreno,5000.0,240000.0,,,48.0
31,"Lote/Terreno para comprar com 250 m² em
Jardim Residencial Golden Park, Jacareí",R$ 383.000 Cond. R$ 450 • IPTU R$ 837,"Tamanho do imóvel
250 m²",,,,Terreno,250.0,383000.0,,,1532.0
31,"Lote/Terreno para comprar com 150 m² em
Jardim do Marquês, Jacareí",R$ 173.000,"Tamanho do imóvel
150 m²",,,,Terreno,150.0,173000.0,,,1153.3333333333333
32,"Lote/Terreno para comprar com 1594 m² em
Chácaras Rurais Guararema, Jacareí",R$ 200.000,"Tamanho do imóvel
1594 m²",,,,Terreno,1594.0,200000.0,,,125.47051442910916
32,"Lote/Terreno para comprar com 250 m² em
Residencial Santa Paula, Jacareí",R$ 276.000 IPTU R$ 940,"Tamanho do imóvel
250 m²",,,,Terreno,250.0,276000.0,,,1104.0
32,"Lote/Terreno para comprar com 495 m² em
Cidade Salvador, Jacareí",R$ 480.000,"Tamanho do imóvel
495 m²",,,,Terreno,495.0,480000.0,,,969.6969696969697
32,"Lote/Terreno para comprar com 360 m² em
Jardim Califórnia, Jacareí",R$ 600.000 Cond. R$ 400 • IPTU R$ 150,"Tamanho do imóvel
360 m²",,,,Terreno,360.0,600000.0,,,1666.6666666666667
32,"Lote/Terreno para comprar com 259 m² em
Jardim Jacinto, Jacareí",R$ 310.000 Cond. R$ 300 • IPTU R$ 88,"Tamanho do imóvel
259 m²",,,,Terreno,259.0,310000.0,,,1196.9111969111968
32,"Lote/Terreno para comprar com 250 m² em
Cidade Jardim, Jacareí",R$ 230.000 IPTU R$ 1.011,"Tamanho do imóvel
250 m²",,,,Terreno,250.0,230000.0,,,920.0
33,"Lote/Terreno para comprar com 150 m² em
Jardim do Marquês, Jacareí",R$ 135.000,"Tamanho do imóvel
150 m²",,,,Terreno,150.0,135000.0,,,900.0
33,"Lote/Terreno para comprar com 250 m² em
Jardim Didinha, Jacareí",R$ 300.000 IPTU R$ 45,"Tamanho do imóvel
250 m²",,,,Terreno,250.0,300000.0,,,1200.0
33,"Lote/Terreno para comprar com 380 m² em
Jardim Flórida, Jacareí",R$ 371.000,"Tamanho do imóvel
380 m²",,,,Terreno,380.0,371000.0,,,976.3157894736842
33,"Lote/Terreno para comprar com 360 m² em
Jardim Colônia, Jacareí",R$ 192.000 IPTU R$ 46,"Tamanho do imóvel
360 m²",,,,Terreno,360.0,192000.0,,,533.3333333333334
33,"Lote/Terreno para comprar com 380 m² em
Jardim Flórida, Jacareí",R$ 371.000,"Tamanho do imóvel
380 m²",,,,Terreno,380.0,371000.0,,,976.3157894736842
34,"Lote/Terreno para comprar com 300 m² em
Jardim Santa Maria, Jacareí",R$ 330.000,"Tamanho do imóvel
300 m²",,,,Terreno,300.0,330000.0,,,1100.0
34,"Lote/Terreno para comprar com 870 m² em
Jardim Nova Esperança, Jacareí",R$ 450.000,"Tamanho do imóvel
870 m²",,,,Terreno,870.0,450000.0,,,517.2413793103449
34,"Lote/Terreno para comprar com 295 m² em
Jardim Bela Vista, Jacareí",R$ 150.000,"Tamanho do imóvel
295 m²",,,,Terreno,295.0,150000.0,,,508.47457627118644
34,"Lote/Terreno para comprar com 1000 m² em
Cidade Jardim, Jacareí",R$ 600.000 Cond. R$ 650 • IPTU R$ 1.300,"Tamanho do imóvel
1000 m²",,,,Terreno,1000.0,600000.0,,,600.0
34,"Lote/Terreno para comprar com 250 m² em
Condomínio Vem Viver Jacareí, Jacareí",R$ 540.000 Cond. R$ 400 • IPTU R$ 70,"Tamanho do imóvel
250 m²",,,,Terreno,250.0,540000.0,,,2160.0
35,"Lote/Terreno para comprar com 250 m² em
Loteamento Villa Branca, Jacareí",R$ 375.000,"Tamanho do imóvel
250 m²",,,,Terreno,250.0,375000.0,,,1500.0
35,"Lote/Terreno para comprar com 144 m² em
Residencial Santa Paula, Jacareí",R$ 150.000 IPTU R$ 35,"Tamanho do imóvel
144 m²",,,,Terreno,144.0,150000.0,,,1041.6666666666667
36,"Lote/Terreno para comprar com 350 m² em
Jardim Santa Maria, Jacareí",R$ 375.000 IPTU R$ 40,"Tamanho do imóvel
350 m²",,,,Terreno,350.0,375000.0,,,1071.4285714285713
36,"Lote/Terreno para comprar com 502 m² em
Santa Cruz dos Lázaros, Jacareí",R$ 320.000 IPTU R$ 800,"Tamanho do imóvel
502 m²",,,,Terreno,502.0,320000.0,,,637.4501992031873
36,"Lote/Terreno para comprar com 256 m² em
Jardim Jacinto, Jacareí",R$ 310.000 Cond. R$ 350,"Tamanho do imóvel
256 m²",,,,Terreno,256.0,310000.0,,,1210.9375
37,"Lote/Terreno para comprar com 250 m² em
Condomínio Vem Viver Jacareí, Jacareí",R$ 426.000 Cond. R$ 450 • IPTU R$ 120,"Tamanho do imóvel
250 m²",,,,Terreno,250.0,426000.0,,,1704.0
37,"Lote/Terreno para comprar com 250 m² em
Jardim Residencial Golden Park, Jacareí",R$ 350.000,"Tamanho do imóvel
250 m²",,,,Terreno,250.0,350000.0,,,1400.0
37,"Lote/Terreno para comprar com 5000 m² em
Centro, Jacareí",R$ 242.000,"Tamanho do imóvel
5000 m²",,,,Terreno,5000.0,242000.0,,,48.4
37,"Lote/Terreno para comprar com 1057 m² em
Jardim Nova Esperança, Jacareí",R$ 360.000 IPTU R$ 648,"Tamanho do imóvel
1057 m²",,,,Terreno,1057.0,360000.0,,,340.58656575212865
37,"Lote/Terreno para comprar com 240 m² em
Jardim Flórida, Jacareí",R$ 270.000,"Tamanho do imóvel
240 m²",,,,Terreno,240.0,270000.0,,,1125.0
37,"Lote/Terreno para comprar com 5000 m² em
Centro, Jacareí",R$ 240.000 Cond. R$ 1,"Tamanho do imóvel
5000 m²",,,,Terreno,5000.0,240000.0,,,48.0
37,"Lote/Terreno para comprar com 250 m² em
Jardim Terras de Santa Helena, Jacareí",R$ 149.900,"Tamanho do imóvel
250 m²",,,,Terreno,250.0,149900.0,,,599.6
38,"Lote/Terreno para comprar com 1296 m² em
Jardim Santo Antônio da Boa Vista, Jacareí",R$ 370.000,"Tamanho do imóvel
1296 m²",,,,Terreno,1296.0,370000.0,,,285.4938271604938
38,"Lote/Terreno para comprar com 1000 m² em
Parque Residencial Jequitibá, Jacareí",R$ 490.000 Cond. R$ 700 • IPTU R$ 600,"Tamanho do imóvel
1000 m²",,,,Terreno,1000.0,490000.0,,,490.0
38,"Lote/Terreno para comprar com 2436 m² em
Jardim Nova Esperança, Jacareí",R$ 260.000 Cond. R$ 850,"Tamanho do imóvel
2436 m²",,,,Terreno,2436.0,260000.0,,,106.73234811165845
38,"Lote/Terreno para comprar com 2436 m² em
Jardim Nova Esperança, Jacareí",R$ 260.000 Cond. R$ 850,"Tamanho do imóvel
2436 m²",,,,Terreno,2436.0,260000.0,,,106.73234811165845
38,"Lote/Terreno para comprar com 250 m² em
Cidade Jardim, Jacareí",R$ 350.000 IPTU R$ 40,"Tamanho do imóvel
250 m²",,,,Terreno,250.0,350000.0,,,1400.0
38,"Lote/Terreno para comprar com 259 m² em
Jardim Jacinto, Jacareí",R$ 310.000 Cond. R$ 450,"Tamanho do imóvel
259 m²",,,,Terreno,259.0,310000.0,,,1196.9111969111968
38,"Imóvel para comprar com 120 m², 3 quartos, 2 banheiros, 2 vagas em
Loteamento Villa Branca, Jacareí",R$ 959.990 IPTU R$ 80,"Tamanho do imóvel
120 m²","Quantidade de quartos
3","Quantidade de banheiros
2","Quantidade de vagas de garagem
2",Terreno,120.0,959990.0,3.0,2.0,7999.916666666667
38,"Lote/Terreno para comprar com 1102 m² em
Jardim Nova Esperança, Jacareí",R$ 250.000 Cond. R$ 830 • IPTU R$ 900,"Tamanho do imóvel
1102 m²",,,,Terreno,1102.0,250000.0,,,226.86025408348456
39,"Lote/Terreno para comprar com 150 m² em
Jardim Nova Esperança, Jacareí",R$ 150.000,"Tamanho do imóvel
150 m²",,,,Terreno,150.0,150000.0,,,1000.0
39,"Lote/Terreno para comprar com 125 m² em
Jardim Emília, Jacareí",R$ 147.896,"Tamanho do imóvel
125 m²",,,,Terreno,125.0,147896.0,,,1183.168
39,"Lote/Terreno para comprar com 250 m² em
Loteamento Villa Branca, Jacareí",R$ 424.000 IPTU R$ 250,"Tamanho do imóvel
250 m²",,,,Terreno,250.0,424000.0,,,1696.0
39,"Lote/Terreno para comprar com 343 m² em
Jardim Maria Amélia, Jacareí",R$ 130.000 IPTU R$ 801,"Tamanho do imóvel
343 m²",,,,Terreno,343.0,130000.0,,,379.0087463556851
39,"Imóvel para comprar com 120 m², 3 quartos, 2 banheiros, 12 vagas em
Loteamento Villa Branca, Jacareí",R$ 960.000 IPTU R$ 95,"Tamanho do imóvel
120 m²","Quantidade de quartos
3","Quantidade de banheiros
2","Quantidade de vagas de garagem
12",Terreno,120.0,960000.0,3.0,12.0,8000.0
40,"Imóvel para comprar com 120 m², 3 quartos, 2 banheiros, 12 vagas em
Loteamento Villa Branca, Jacareí",R$ 960.000 IPTU R$ 95,"Tamanho do imóvel
120 m²","Quantidade de quartos
3","Quantidade de banheiros
2","Quantidade de vagas de garagem
12",Terreno,120.0,960000.0,3.0,12.0,8000.0
40,"Lote/Terreno para comprar com 250 m² em
Jardim do Vale, Jacareí",R$ 195.000,"Tamanho do imóvel
250 m²",,,,Terreno,250.0,195000.0,,,780.0
40,"Lote/Terreno para comprar com 250 m² em
Condomínio Vem Viver Jacareí, Jacareí",R$ 435.000 Cond. R$ 438 • IPTU R$ 912,"Tamanho do imóvel
250 m²",,,,Terreno,250.0,435000.0,,,1740.0
40,"Lote/Terreno para comprar com 5000 m² em
Centro, Jacareí",R$ 240.000 Cond. R$ 1,"Tamanho do imóvel
5000 m²",,,,Terreno,5000.0,240000.0,,,48.0
40,"Lote/Terreno para comprar com 339 m² em
Parque dos Príncipes, Jacareí",R$ 550.000,"Tamanho do imóvel
339 m²",,,,Terreno,339.0,550000.0,,,1622.4188790560472
40,"Lote/Terreno para comprar com 5000 m² em
Centro, Jacareí",R$ 242.000,"Tamanho do imóvel
5000 m²",,,,Terreno,5000.0,242000.0,,,48.4
40,"Lote/Terreno para comprar com 1000 m² em
Condomínio Residencial Mirante do Vale, Jacareí",R$ 650.000 Cond. R$ 852 • IPTU R$ 1.450,"Tamanho do imóvel
1000 m²",,,,Terreno,1000.0,650000.0,,,650.0
41,"Lote/Terreno para comprar com 250 m² em
Condomínio Vem Viver Jacareí, Jacareí",R$ 532.000 Cond. R$ 480 • IPTU R$ 1.200,"Tamanho do imóvel
250 m²",,,,Terreno,250.0,532000.0,,,2128.0
41,"Lote/Terreno para comprar com 207 m² em
Loteamento Villa Branca, Jacareí",R$ 420.000,"Tamanho do imóvel
207 m²",,,,Terreno,207.0,420000.0,,,2028.9855072463768
41,"Lote/Terreno para comprar com 343 m² em
Jardim Maria Amélia, Jacareí",R$ 130.000 IPTU R$ 801,"Tamanho do imóvel
343 m²",,,,Terreno,343.0,130000.0,,,379.0087463556851
41,"Lote/Terreno para comprar com 1000 m² em
Condomínio Residencial Mirante do Vale, Jacareí",R$ 650.000 Cond. R$ 852 • IPTU R$ 1.450,"Tamanho do imóvel
1000 m²",,,,Terreno,1000.0,650000.0,,,650.0
41,"Lote/Terreno para comprar com 329 m² em
Residencial São Paulo, Jacareí",R$ 400.000 Cond. R$ 550 • IPTU R$ 120,"Tamanho do imóvel
329 m²",,,,Terreno,329.0,400000.0,,,1215.80547112462
41,"Lote/Terreno para comprar com 225 m² em
Jardim Leblon, Jacareí",R$ 139.000,"Tamanho do imóvel
225 m²",,,,Terreno,225.0,139000.0,,,617.7777777777778
42,"Lote/Terreno para comprar com 245 m² em
Loteamento Villa Branca, Jacareí",R$ 350.000,"Tamanho do imóvel
245 m²",,,,Terreno,245.0,350000.0,,,1428.5714285714287
42,"Lote/Terreno para comprar com 250 m² em
Jardim Residencial Golden Park, Jacareí",R$ 350.000 Cond. R$ 450 • IPTU R$ 100,"Tamanho do imóvel
250 m²",,,,Terreno,250.0,350000.0,,,1400.0
42,"Lote/Terreno para comprar com 1204 m² em
Veraneio Irajá, Jacareí",R$ 260.000,"Tamanho do imóvel
1204 m²",,,,Terreno,1204.0,260000.0,,,215.9468438538206
43,"Lote/Terreno para comprar com 1204 m² em
Veraneio Irajá, Jacareí",R$ 260.000,"Tamanho do imóvel
1204 m²",,,,Terreno,1204.0,260000.0,,,215.9468438538206
43,"Lote/Terreno para comprar com 1028 m² em
Veraneio Irajá, Jacareí",R$ 200.000 Cond. R$ 650 • IPTU R$ 980,"Tamanho do imóvel
1028 m²",,,,Terreno,1028.0,200000.0,,,194.55252918287937
43,"Lote/Terreno para comprar com 250 m² em
Loteamento Villa Branca, Jacareí",R$ 400.000 IPTU R$ 150,"Tamanho do imóvel
250 m²",,,,Terreno,250.0,400000.0,,,1600.0
43,"Lote/Terreno para comprar com 500 m² em
Centro, Jacareí",R$ 245.000 Cond. R$ 1,"Tamanho do imóvel
500 m²",,,,Terreno,500.0,245000.0,,,490.0
44,"Lote/Terreno para comprar com 1031 m² em
Loteamento Residencial Parque Lago Dourado, Jacareí",R$ 270.000 Cond. R$ 850,"Tamanho do imóvel
1031 m²",,,,Terreno,1031.0,270000.0,,,261.88166828322016
44,"Lote/Terreno para comprar com 2177 m² em
Jardim Nova Esperança, Jacareí",R$ 430.000,"Tamanho do imóvel
2177 m²",,,,Terreno,2177.0,430000.0,,,197.51952227836472
44,"Lote/Terreno para comprar com 212 m² em
Jardim Jacinto, Jacareí",R$ 300.000 Cond. R$ 500,"Tamanho do imóvel
212 m²",,,,Terreno,212.0,300000.0,,,1415.0943396226414
44,"Lote/Terreno para comprar com 140 m² em
Residencial Santa Paula, Jacareí",R$ 155.000 IPTU R$ 200,"Tamanho do imóvel
140 m²",,,,Terreno,140.0,155000.0,,,1107.142857142857
44,"Imóvel para comprar com 173 m², 3 quartos, 1 banheiro, 2 vagas em
Loteamento Villa Branca, Jacareí",R$ 880.000 IPTU R$ 122,"Tamanho do imóvel
173 m²","Quantidade de quartos
3","Quantidade de banheiros
1","Quantidade de vagas de garagem
2",Terreno,173.0,880000.0,3.0,2.0,5086.705202312139
45,"Lote/Terreno para comprar com 250 m² em
Loteamento Villa Branca, Jacareí",R$ 437.000 IPTU R$ 113,"Tamanho do imóvel
250 m²",,,,Terreno,250.0,437000.0,,,1748.0
45,"Lote/Terreno para comprar com 450 m² em
Condomínio Vem Viver Jacareí, Jacareí",R$ 532.000 Cond. R$ 480,"Tamanho do imóvel
450 m²",,,,Terreno,450.0,532000.0,,,1182.2222222222222
45,"Lote/Terreno para comprar com 1029 m² em
Cidade Jardim, Jacareí",R$ 450.000 Cond. R$ 700 • IPTU R$ 900,"Tamanho do imóvel
1029 m²",,,,Terreno,1029.0,450000.0,,,437.3177842565598
46,"Lote/Terreno para comprar com 250 m², 1 vaga em
Loteamento Villa Branca, Jacareí",R$ 395.000 IPTU R$ 65,"Tamanho do imóvel
250 m²",,,"Quantidade de vagas de garagem
1",Terreno,250.0,395000.0,,1.0,1580.0
46,"Lote/Terreno para comprar com 443 m² em
Jardim São Luiz, Jacareí",R$ 350.000 IPTU R$ 900,"Tamanho do imóvel
443 m²",,,,Terreno,443.0,350000.0,,,790.0677200902935
46,"Lote/Terreno para comprar com 250 m² em
Loteamento Villa Branca, Jacareí",R$ 450.000,"Tamanho do imóvel
250 m²",,,,Terreno,250.0,450000.0,,,1800.0
46,"Lote/Terreno para comprar com 238 m² em
Residencial Santa Paula, Jacareí",R$ 280.000 IPTU R$ 200,"Tamanho do imóvel
238 m²",,,,Terreno,238.0,280000.0,,,1176.4705882352941
46,"Lote/Terreno para comprar com 273 m² em
Jardim São Gabriel, Jacareí",R$ 390.000 Cond. R$ 420 • IPTU R$ 635,"Tamanho do imóvel
273 m²",,,,Terreno,273.0,390000.0,,,1428.5714285714287
46,"Lote/Terreno para comprar com 250 m² em
Loteamento Villa Branca, Jacareí",R$ 430.000,"Tamanho do imóvel
250 m²",,,,Terreno,250.0,430000.0,,,1720.0
46,"Lote/Terreno para comprar com 250 m² em
Condomínio Vem Viver Jacareí, Jacareí",R$ 480.000,"Tamanho do imóvel
250 m²",,,,Terreno,250.0,480000.0,,,1920.0
46,"Lote/Terreno para comprar com 1100 m² em
Chácaras Santa Maria, Jacareí",R$ 170.000,"Tamanho do imóvel
1100 m²",,,,Terreno,1100.0,170000.0,,,154.54545454545453
46,"Imóvel para comprar com 98 m², 3 quartos, 1 banheiro, 2 vagas em
Loteamento Villa Branca, Jacareí",R$ 620.000 IPTU R$ 700,"Tamanho do imóvel
98 m²","Quantidade de quartos
3","Quantidade de banheiros
1","Quantidade de vagas de garagem
2",Terreno,98.0,620000.0,3.0,2.0,6326.530612244898
47,"Lote/Terreno para comprar com 150 m² em
Jardim do Marquês, Jacareí",R$ 121.900,"Tamanho do imóvel
150 m²",,,,Terreno,150.0,121900.0,,,812.6666666666666
47,"Lote/Terreno para comprar com 250 m² em
Condomínio Vem Viver Jacareí, Jacareí",R$ 480.000 Cond. R$ 404,"Tamanho do imóvel
250 m²",,,,Terreno,250.0,480000.0,,,1920.0
47,"Lote/Terreno para comprar com 400 m² em
Jardim Terras de São João, Jacareí",R$ 350.000,"Tamanho do imóvel
400 m²",,,,Terreno,400.0,350000.0,,,875.0
47,"Lote/Terreno para comprar com 546 m² em
Condomínio Vem Viver Jacareí, Jacareí",R$ 590.000 Cond. R$ 390 • IPTU R$ 1.800,"Tamanho do imóvel
546 m²",,,,Terreno,546.0,590000.0,,,1080.5860805860807
47,"Lote/Terreno para comprar com 1000 m² em
Condomínio Residencial Mirante do Vale, Jacareí",R$ 855.000 Cond. R$ 450 • IPTU R$ 1.523,"Tamanho do imóvel
1000 m²",,,,Terreno,1000.0,855000.0,,,855.0
47,"Lote/Terreno para comprar com 250 m² em
Loteamento Villa Branca, Jacareí",R$ 410.000 IPTU R$ 450,"Tamanho do imóvel
250 m²",,,,Terreno,250.0,410000.0,,,1640.0
48,"Lote/Terreno para comprar com 311 m² em
Residencial São Paulo, Jacareí",R$ 371.000,"Tamanho do imóvel
311 m²",,,,Terreno,311.0,371000.0,,,1192.926045016077
48,"Lote/Terreno para comprar com 125 m² em
Jardim Novo Amanhecer, Jacareí",R$ 107.000,"Tamanho do imóvel
125 m²",,,,Terreno,125.0,107000.0,,,856.0
48,"Lote/Terreno para comprar com 1021 m² em
Jardim Terras de Santa Helena, Jacareí",R$ 535.000 Cond. R$ 550 • IPTU R$ 55,"Tamanho do imóvel
1021 m²",,,,Terreno,1021.0,535000.0,,,523.996082272282
48,"Lote/Terreno para comprar com 1000 m² em
Da Cerejeira, Jacareí",R$ 530.000 Cond. R$ 600 • IPTU R$ 1.210,"Tamanho do imóvel
1000 m²",,,,Terreno,1000.0,530000.0,,,530.0
48,"Lote/Terreno para comprar com 532 m² em
Condomínio Vem Viver Jacareí, Jacareí",R$ 650.000 Cond. R$ 400 • IPTU R$ 1.500,"Tamanho do imóvel
532 m²",,,,Terreno,532.0,650000.0,,,1221.8045112781954
49,"Lote/Terreno para comprar com 155 m² em
Parque dos Príncipes, Jacareí",R$ 159.000,"Tamanho do imóvel
155 m²",,,,Terreno,155.0,159000.0,,,1025.8064516129032
49,"Lote/Terreno para comprar com 1204 m² em
Parque Imperial, Jacareí",R$ 260.000,"Tamanho do imóvel
1204 m²",,,,Terreno,1204.0,260000.0,,,215.9468438538206
49,"Lote/Terreno para comprar com 125 m² em
Jardim Paraíso, Jacareí",R$ 116.000 IPTU R$ 300,"Tamanho do imóvel
125 m²",,,,Terreno,125.0,116000.0,,,928.0
49,"Lote/Terreno para comprar com 250 m² em
Jardim Residencial Golden Park, Jacareí",R$ 350.000,"Tamanho do imóvel
250 m²",,,,Terreno,250.0,350000.0,,,1400.0
49,"Lote/Terreno para comprar com 450 m² em
Jardim do Vale, Jacareí",R$ 540.000 IPTU R$ 1.873,"Tamanho do imóvel
450 m²",,,,Terreno,450.0,540000.0,,,1200.0
49,"Imóvel para comprar com 120 m², 3 quartos, 2 banheiros, 2 vagas em
Loteamento Villa Branca, Jacareí",R$ 720.000 IPTU R$ 80,"Tamanho do imóvel
120 m²","Quantidade de quartos
3","Quantidade de banheiros
2","Quantidade de vagas de garagem
2",Terreno,120.0,720000.0,3.0,2.0,6000.0
50,"Lote/Terreno para comprar com 630 m² em
Jardim Califórnia, Jacareí",R$ 1.000.000 Cond. R$ 700 • IPTU R$ 1.000,"Tamanho do imóvel
630 m²",,,,Terreno,630.0,1000000.0,,,1587.3015873015872
50,"Lote/Terreno para comprar com 250 m² em
Jardim São Gabriel, Jacareí",R$ 350.000 Cond. R$ 500,"Tamanho do imóvel
250 m²",,,,Terreno,250.0,350000.0,,,1400.0
50,"Imóvel para comprar com 120 m², 3 quartos, 3 banheiros, 3 vagas em
Loteamento Villa Branca, Jacareí",R$ 720.000,"Tamanho do imóvel
120 m²","Quantidade de quartos
3","Quantidade de banheiros
3","Quantidade de vagas de garagem
3",Terreno,120.0,720000.0,3.0,3.0,6000.0
50,"Lote/Terreno para comprar com 300 m², 4 vagas em
Jardim Paraíba, Jacareí",R$ 480.000,"Tamanho do imóvel
300 m²",,,"Quantidade de vagas de garagem
4",Terreno,300.0,480000.0,,4.0,1600.0
50,"Lote/Terreno para comprar com 125 m² em
Jardim Novo Amanhecer, Jacareí",R$ 120.000,"Tamanho do imóvel
125 m²",,,,Terreno,125.0,120000.0,,,960.0
51,"Lote/Terreno para comprar com 172 m² em
Jardim Santa Marina, Jacareí",R$ 210.000 IPTU R$ 488,"Tamanho do imóvel
172 m²",,,,Terreno,172.0,210000.0,,,1220.9302325581396
51,"Lote/Terreno para comprar com 250 m² em
Loteamento Villa Branca, Jacareí",R$ 477.000 IPTU R$ 1.200,"Tamanho do imóvel
250 m²",,,,Terreno,250.0,477000.0,,,1908.0
51,"Lote/Terreno para comprar com 250 m² em
Condomínio Vem Viver Jacareí, Jacareí",R$ 530.000 Cond. R$ 400,"Tamanho do imóvel
250 m²",,,,Terreno,250.0,530000.0,,,2120.0
51,"Lote/Terreno para comprar com 225 m² em
Jardim Leblon, Jacareí",R$ 125.000 IPTU R$ 332,"Tamanho do imóvel
225 m²",,,,Terreno,225.0,125000.0,,,555.5555555555555
51,"Lote/Terreno para comprar com 250 m² em
Condomínio Vem Viver Jacareí, Jacareí",R$ 480.000 Cond. R$ 400,"Tamanho do imóvel
250 m²",,,,Terreno,250.0,480000.0,,,1920.0
52,"Lote/Terreno para comprar com 225 m² em
Jardim Leblon, Jacareí",R$ 125.000 IPTU R$ 332,"Tamanho do imóvel
225 m²",,,,Terreno,225.0,125000.0,,,555.5555555555555
52,"Lote/Terreno para comprar com 250 m² em
Condomínio Vem Viver Jacareí, Jacareí",R$ 480.000 Cond. R$ 400,"Tamanho do imóvel
250 m²",,,,Terreno,250.0,480000.0,,,1920.0
52,"Lote/Terreno para comprar com 3105 m² em
Veraneio Ijal, Jacareí",R$ 440.000 IPTU R$ 33,"Tamanho do imóvel
3105 m²",,,,Terreno,3105.0,440000.0,,,141.70692431561997
52,"Lote/Terreno para comprar com 250 m² em
Jardim São Gabriel, Jacareí",R$ 360.000 Cond. R$ 463,"Tamanho do imóvel
250 m²",,,,Terreno,250.0,360000.0,,,1440.0
52,"Lote/Terreno para comprar com 158 m² em
Jardim Alvorada, Jacareí",R$ 90.000 IPTU R$ 235,"Tamanho do imóvel
158 m²",,,,Terreno,158.0,90000.0,,,569.620253164557
52,"Imóvel para comprar com 210 m², 3 quartos, 3 banheiros, 2 vagas em
Loteamento Villa Branca, Jacareí",R$ 1.100.000 IPTU R$ 980,"Tamanho do imóvel
210 m²","Quantidade de quartos
3","Quantidade de banheiros
3","Quantidade de vagas de garagem
2",Terreno,210.0,1100000.0,3.0,2.0,5238.0952380952385
53,"Lote/Terreno para comprar com 160 m² em
Jardim América, Jacareí",R$ 170.000,"Tamanho do imóvel
160 m²",,,,Terreno,160.0,170000.0,,,1062.5
53,"Lote/Terreno para comprar com 250 m² em
Jardim do Vale, Jacareí",R$ 213.000,"Tamanho do imóvel
250 m²",,,,Terreno,250.0,213000.0,,,852.0
53,"Lote/Terreno para comprar com 2625 m² em
Bairro do Colonia, Jacareí",R$ 1.300.000 IPTU R$ 200,"Tamanho do imóvel
2625 m²",,,,Terreno,2625.0,1300000.0,,,495.23809523809524
53,"Lote/Terreno para comprar com 252 m² em
Jardim Terras de Santa Helena, Jacareí",R$ 255.000,"Tamanho do imóvel
252 m²",,,,Terreno,252.0,255000.0,,,1011.9047619047619
53,"Lote/Terreno para comprar com 391 m² em
Jardim Jacinto, Jacareí",R$ 460.000 Cond. R$ 320,"Tamanho do imóvel
391 m²",,,,Terreno,391.0,460000.0,,,1176.4705882352941
53,"Lote/Terreno para comprar com 140 m² em
Residencial Santa Paula, Jacareí",R$ 160.000,"Tamanho do imóvel
140 m²",,,,Terreno,140.0,160000.0,,,1142.857142857143
53,"Lote/Terreno para comprar com 306 m² em
Jardim Califórnia, Jacareí",R$ 500.000 Cond. R$ 400 • IPTU R$ 100,"Tamanho do imóvel
306 m²",,,,Terreno,306.0,500000.0,,,1633.986928104575
53,"Lote/Terreno para comprar com 140 m² em
Residencial Santa Paula, Jacareí",R$ 170.000 IPTU R$ 400,"Tamanho do imóvel
140 m²",,,,Terreno,140.0,170000.0,,,1214.2857142857142
54,"Lote/Terreno para comprar com 5705 m² em
Chácaras Condomínio Recanto Pássaros II, Jacareí",R$ 912.720,"Tamanho do imóvel
5705 m²",,,,Terreno,5705.0,912720.0,,,159.98597721297108
54,"Lote/Terreno para comprar com 276 m² em
Jardim Mesquita, Jacareí",R$ 290.000 IPTU R$ 30,"Tamanho do imóvel
276 m²",,,,Terreno,276.0,290000.0,,,1050.7246376811595
54,"Lote/Terreno para comprar com 450 m² em
Jardim Califórnia, Jacareí",R$ 530.000 Cond. R$ 500 • IPTU R$ 187,"Tamanho do imóvel
450 m²",,,,Terreno,450.0,530000.0,,,1177.7777777777778
54,"Lote/Terreno para comprar com 270 m² em
Jardim Residencial Golden Park, Jacareí",R$ 320.000 Cond. R$ 370 • IPTU R$ 800,"Tamanho do imóvel
270 m²",,,,Terreno,270.0,320000.0,,,1185.1851851851852
55,"Lote/Terreno para comprar com 270 m² em
Jardim Residencial Golden Park, Jacareí",R$ 320.000 Cond. R$ 370 • IPTU R$ 800,"Tamanho do imóvel
270 m²",,,,Terreno,270.0,320000.0,,,1185.1851851851852
55,"Lote/Terreno para comprar com 250 m² em
Loteamento Villa Branca, Jacareí",R$ 380.000,"Tamanho do imóvel
250 m²",,,,Terreno,250.0,380000.0,,,1520.0
55,"Lote/Terreno para comprar com 250 m² em
Loteamento Villa Branca, Jacareí",R$ 425.000,"Tamanho do imóvel
250 m²",,,,Terreno,250.0,425000.0,,,1700.0
55,"Lote/Terreno para comprar com 250 m² em
Residencial São Paulo, Jacareí",R$ 330.000 Cond. R$ 520,"Tamanho do imóvel
250 m²",,,,Terreno,250.0,330000.0,,,1320.0
56,"Lote/Terreno para comprar com 360 m² em
Condomínio Sunset Garden, Jacareí",R$ 531.000 Cond. R$ 535,"Tamanho do imóvel
360 m²",,,,Terreno,360.0,531000.0,,,1475.0
56,"Lote/Terreno para comprar com 363 m² em
Condomínio Sunset Garden, Jacareí",R$ 534.336 Cond. R$ 535,"Tamanho do imóvel
363 m²",,,,Terreno,363.0,534336.0,,,1472.0
56,"Lote/Terreno para comprar com 1000 m² em
Jardim Terras de Santa Helena, Jacareí",R$ 380.000 Cond. R$ 432 • IPTU R$ 182,"Tamanho do imóvel
1000 m²",,,,Terreno,1000.0,380000.0,,,380.0
56,"Lote/Terreno para comprar com 212 m² em
Jardim Jacinto, Jacareí",R$ 297.999 Cond. R$ 350 • IPTU R$ 80,"Tamanho do imóvel
212 m²",,,,Terreno,212.0,297999.0,,,1405.6556603773586
56,"Lote/Terreno para comprar com 360 m² em
Condomínio Sunset Garden, Jacareí",R$ 529.920 Cond. R$ 535,"Tamanho do imóvel
360 m²",,,,Terreno,360.0,529920.0,,,1472.0
56,"Lote/Terreno para comprar com 360 m² em
Condomínio Sunset Garden, Jacareí",R$ 529.920 Cond. R$ 535,"Tamanho do imóvel
360 m²",,,,Terreno,360.0,529920.0,,,1472.0
56,"Lote/Terreno para comprar com 360 m² em
Condomínio Sunset Garden, Jacareí",R$ 529.920 Cond. R$ 535,"Tamanho do imóvel
360 m²",,,,Terreno,360.0,529920.0,,,1472.0
56,"Lote/Terreno para comprar com 312 m² em
Bandeira Branca, Jacareí",R$ 395.000 Cond. R$ 450 • IPTU R$ 700,"Tamanho do imóvel
312 m²",,,,Terreno,312.0,395000.0,,,1266.025641025641
57,"Lote/Terreno para comprar com 2437 m² em
Jardim Nova Esperança, Jacareí",R$ 260.000 Cond. R$ 850,"Tamanho do imóvel
2437 m²",,,,Terreno,2437.0,260000.0,,,106.68855149774312
57,"Lote/Terreno para comprar com 252 m² em
Jardim Residencial Golden Park, Jacareí",R$ 310.000 Cond. R$ 430,"Tamanho do imóvel
252 m²",,,,Terreno,252.0,310000.0,,,1230.1587301587301
57,"Lote/Terreno para comprar com 250 m² em
Condomínio Vem Viver Jacareí, Jacareí",R$ 462.000 Cond. R$ 450 • IPTU R$ 900,"Tamanho do imóvel
250 m²",,,,Terreno,250.0,462000.0,,,1848.0
57,"Lote/Terreno para comprar com 250 m² em
Loteamento Villa Branca, Jacareí",R$ 490.000 IPTU R$ 350,"Tamanho do imóvel
250 m²",,,,Terreno,250.0,490000.0,,,1960.0
58,"Lote/Terreno para comprar com 225 m² em
Loteamento Villa Branca, Jacareí",R$ 269.000,"Tamanho do imóvel
225 m²",,,,Terreno,225.0,269000.0,,,1195.5555555555557
58,"Lote/Terreno para comprar com 1263 m² em
Jardim Nova Esperança, Jacareí",R$ 300.000 Cond. R$ 830 • IPTU R$ 798,"Tamanho do imóvel
1263 m²",,,,Terreno,1263.0,300000.0,,,237.52969121140143
58,"Lote/Terreno para comprar com 250 m² em
Jardim São Gabriel, Jacareí",R$ 350.000 Cond. R$ 350,"Tamanho do imóvel
250 m²",,,,Terreno,250.0,350000.0,,,1400.0
58,"Lote/Terreno para comprar com 225 m² em
Loteamento Villa Branca, Jacareí",R$ 269.000 IPTU R$ 1.200,"Tamanho do imóvel
225 m²",,,,Terreno,225.0,269000.0,,,1195.5555555555557
58,"Lote/Terreno para comprar com 127 m² em
Jardim Paraíso, Jacareí",R$ 116.000 IPTU R$ 300,"Tamanho do imóvel
127 m²",,,,Terreno,127.0,116000.0,,,913.3858267716536
59,"Lote/Terreno para comprar com 319 m² em
Loteamento Villa Branca, Jacareí",R$ 745.000 IPTU R$ 100,"Tamanho do imóvel
319 m²",,,,Terreno,319.0,745000.0,,,2335.423197492163
59,"Imóvel para comprar com 180 m², 4 quartos, 2 banheiros, 2 vagas em
Loteamento Villa Branca, Jacareí",R$ 960.000 IPTU R$ 50,"Tamanho do imóvel
180 m²","Quantidade de quartos
4","Quantidade de banheiros
2","Quantidade de vagas de garagem
2",Terreno,180.0,960000.0,4.0,2.0,5333.333333333333
59,"Lote/Terreno para comprar com 250 m² em
Loteamento Villa Branca, Jacareí",R$ 425.000 IPTU R$ 78,"Tamanho do imóvel
250 m²",,,,Terreno,250.0,425000.0,,,1700.0
60,"Lote/Terreno para comprar com 212 m² em
Jardim Jacinto, Jacareí",R$ 297.000 Cond. R$ 300,"Tamanho do imóvel
212 m²",,,,Terreno,212.0,297000.0,,,1400.9433962264152
60,"Lote/Terreno para comprar com 250 m² em
Loteamento Villa Branca, Jacareí",R$ 460.000 IPTU R$ 1.126,"Tamanho do imóvel
250 m²",,,,Terreno,250.0,460000.0,,,1840.0
60,"Lote/Terreno para comprar com 309 m² em
Jardim Paraíba, Jacareí",R$ 480.000 Cond. R$ 550 • IPTU R$ 100,"Tamanho do imóvel
309 m²",,,,Terreno,309.0,480000.0,,,1553.3980582524273
60,"Imóvel para comprar com 166 m², 3 quartos, 3 banheiros, 2 vagas em
Loteamento Villa Branca, Jacareí",R$ 1.150.000,"Tamanho do imóvel
166 m²","Quantidade de quartos
3","Quantidade de banheiros
3","Quantidade de vagas de garagem
2",Terreno,166.0,1150000.0,3.0,2.0,6927.710843373494
61,"Lote/Terreno para comprar com 334 m² em
Vila Santa Rita, Jacareí",R$ 180.000 IPTU R$ 93,"Tamanho do imóvel
334 m²",,,,Terreno,334.0,180000.0,,,538.9221556886228
61,"Lote/Terreno para comprar com 300 m² em
Jardim Paraíba, Jacareí",R$ 480.000,"Tamanho do imóvel
300 m²",,,,Terreno,300.0,480000.0,,,1600.0
61,"Lote/Terreno para comprar com 2600 m² em
Chácara Itapoã, Jacareí",R$ 550.000,"Tamanho do imóvel
2600 m²",,,,Terreno,2600.0,550000.0,,,211.53846153846155
61,"Lote/Terreno para comprar com 250 m² em
Loteamento Villa Branca, Jacareí",R$ 492.000,"Tamanho do imóvel
250 m²",,,,Terreno,250.0,492000.0,,,1968.0
62,"Lote/Terreno para comprar com 250 m² em
Jardim Residencial Golden Park, Jacareí",R$ 383.000 Cond. R$ 485 • IPTU R$ 1.026,"Tamanho do imóvel
250 m²",,,,Terreno,250.0,383000.0,,,1532.0
62,"Lote/Terreno para comprar com 286 m² em
Condomínio Residencial Fogaça, Jacareí",R$ 310.000 Cond. R$ 388 • IPTU R$ 60,"Tamanho do imóvel
286 m²",,,,Terreno,286.0,310000.0,,,1083.9160839160838
62,"Lote/Terreno para comprar com 360 m² em
Condomínio Sunset Garden, Jacareí",R$ 529.920 Cond. R$ 535,"Tamanho do imóvel
360 m²",,,,Terreno,360.0,529920.0,,,1472.0
62,"Lote/Terreno para comprar com 360 m² em
Condomínio Sunset Garden, Jacareí",R$ 529.920 Cond. R$ 535,"Tamanho do imóvel
360 m²",,,,Terreno,360.0,529920.0,,,1472.0
62,"Lote/Terreno para comprar com 360 m² em
Condomínio Sunset Garden, Jacareí",R$ 529.920 Cond. R$ 535,"Tamanho do imóvel
360 m²",,,,Terreno,360.0,529920.0,,,1472.0
62,"Lote/Terreno para comprar com 360 m² em
Condomínio Sunset Garden, Jacareí",R$ 529.920 Cond. R$ 535,"Tamanho do imóvel
360 m²",,,,Terreno,360.0,529920.0,,,1472.0
62,"Lote/Terreno para comprar com 324 m² em
Jardim Marister, Jacareí",R$ 424.000,"Tamanho do imóvel
324 m²",,,,Terreno,324.0,424000.0,,,1308.641975308642
62,"Lote/Terreno para comprar com 1200 m² em
Rio Abaixo, Jacareí",R$ 450.000,"Tamanho do imóvel
1200 m²",,,,Terreno,1200.0,450000.0,,,375.0
62,"Lote/Terreno para comprar com 226 m² em
Loteamento Villa Branca, Jacareí",R$ 420.000,"Tamanho do imóvel
226 m²",,,,Terreno,226.0,420000.0,,,1858.4070796460178
63,"Lote/Terreno para comprar com 306 m² em
Condomínio Vem Viver Jacareí, Jacareí",R$ 500.000 Cond. R$ 480 • IPTU R$ 1.300,"Tamanho do imóvel
306 m²",,,,Terreno,306.0,500000.0,,,1633.986928104575
63,"Lote/Terreno para comprar com 137 m² em
Parque Imperial, Jacareí",R$ 95.000 IPTU R$ 217,"Tamanho do imóvel
137 m²",,,,Terreno,137.0,95000.0,,,693.4306569343066
63,"Lote/Terreno para comprar com 1598 m² em
Bandeira Branca, Jacareí",R$ 410.000,"Tamanho do imóvel
1598 m²",,,,Terreno,1598.0,410000.0,,,256.5707133917397
64,"Lote/Terreno para comprar com 2356 m² em
Condomínio Parque Vale dos Lagos, Jacareí",R$ 497.000 Cond. R$ 500 • IPTU R$ 1.000,"Tamanho do imóvel
2356 m²",,,,Terreno,2356.0,497000.0,,,210.95076400679116
64,"Lote/Terreno para comprar com 1007 m² em
Condomínio Residencial Mirante do Vale, Jacareí",R$ 650.000 IPTU R$ 100,"Tamanho do imóvel
1007 m²",,,,Terreno,1007.0,650000.0,,,645.4816285998014
64,"Lote/Terreno para comprar com 249 m² em
Loteamento Villa Branca, Jacareí",R$ 375.000 IPTU R$ 80,"Tamanho do imóvel
249 m²",,,,Terreno,249.0,375000.0,,,1506.0240963855422
64,"Lote/Terreno para comprar com 350 m² em
Loteamento Villa Branca, Jacareí",R$ 650.000 Cond. R$ 700 • IPTU R$ 200,"Tamanho do imóvel
350 m²",,,,Terreno,350.0,650000.0,,,1857.142857142857
64,"Lote/Terreno para comprar com 175 m² em
Loteamento Villa Branca, Jacareí",R$ 250.000 IPTU R$ 750,"Tamanho do imóvel
175 m²",,,,Terreno,175.0,250000.0,,,1428.5714285714287
64,"Lote/Terreno para comprar com 533 m² em
Condomínio Vem Viver Jacareí, Jacareí",R$ 640.000 Cond. R$ 400 • IPTU R$ 1.500,"Tamanho do imóvel
533 m²",,,,Terreno,533.0,640000.0,,,1200.750469043152
64,"Lote/Terreno para comprar com 250 m² em
Condomínio Vem Viver Jacareí, Jacareí",R$ 500.000 Cond. R$ 450 • IPTU R$ 150,"Tamanho do imóvel
250 m²",,,,Terreno,250.0,500000.0,,,2000.0
64,"Lote/Terreno para comprar com 1906 m² em
Condomínio Residencial Mirante do Vale, Jacareí",R$ 950.000 Cond. R$ 520 • IPTU R$ 2.574,"Tamanho do imóvel
1906 m²",,,,Terreno,1906.0,950000.0,,,498.42602308499477
65,"Lote/Terreno para comprar com 381 m² em
Jardim Santa Maria, Jacareí",R$ 450.000 Cond. R$ 960,"Tamanho do imóvel
381 m²",,,,Terreno,381.0,450000.0,,,1181.1023622047244
65,"Lote/Terreno para comprar com 300 m² em
Jardim Paraíba, Jacareí",R$ 480.000,"Tamanho do imóvel
300 m²",,,,Terreno,300.0,480000.0,,,1600.0
65,"Lote/Terreno para comprar com 361 m² em
Jardim Califórnia, Jacareí",R$ 531.672 Cond. R$ 535,"Tamanho do imóvel
361 m²",,,,Terreno,361.0,531672.0,,,1472.7756232686982
65,"Lote/Terreno para comprar com 5800 m² em
Jardim Rio Comprido, Jacareí",R$ 425.000,"Tamanho do imóvel
5800 m²",,,,Terreno,5800.0,425000.0,,,73.27586206896552
65,"Lote/Terreno para comprar com 235 m² em
Residencial Parque dos Sinos, Jacareí",R$ 310.000,"Tamanho do imóvel
235 m²",,,,Terreno,235.0,310000.0,,,1319.1489361702127
65,"Lote/Terreno para comprar com 65200 m² em
Chácaras Santa Maria, Jacareí",R$ 7.700.000 Cond. R$ 2 • IPTU R$ 2,"Tamanho do imóvel
65200 m²",,,,Terreno,65200.0,7700000.0,,,118.09815950920246
66,"Lote/Terreno para comprar com 6933 m² em
Chácaras Condomínio Recanto Pássaros II, Jacareí",R$ 1.109.280 Cond. R$ 1.109,"Tamanho do imóvel
6933 m²",,,,Terreno,6933.0,1109280.0,,,160.0
66,"Lote/Terreno para comprar com 270 m² em
Jardim Residencial Golden Park, Jacareí",R$ 350.000 Cond. R$ 450,"Tamanho do imóvel
270 m²",,,,Terreno,270.0,350000.0,,,1296.2962962962963
66,"Lote/Terreno para comprar com 250 m² em
Bandeira Branca, Jacareí",R$ 352.000,"Tamanho do imóvel
250 m²",,,,Terreno,250.0,352000.0,,,1408.0
66,"Lote/Terreno para comprar com 250 m² em
Loteamento Villa Branca, Jacareí",R$ 430.000,"Tamanho do imóvel
250 m²",,,,Terreno,250.0,430000.0,,,1720.0
66,"Lote/Terreno para comprar com 10 m² em
Parque Imperial, Jacareí",R$ 240.000 Cond. R$ 866,"Tamanho do imóvel
10 m²",,,,Terreno,10.0,240000.0,,,24000.0
66,"Lote/Terreno para comprar com 1022 m² em
Condomínio Residencial Mirante do Vale, Jacareí",R$ 530.000 Cond. R$ 550,"Tamanho do imóvel
1022 m²",,,,Terreno,1022.0,530000.0,,,518.5909980430529
66,"Lote/Terreno para comprar com 682 m² em
Jardim Paraíba, Jacareí",R$ 830.000 Cond. R$ 1.230,"Tamanho do imóvel
682 m²",,,,Terreno,682.0,830000.0,,,1217.008797653959
66,"Lote/Terreno para comprar com 136 m² em
Parque Imperial, Jacareí",R$ 115.000 IPTU R$ 350,"Tamanho do imóvel
136 m²",,,,Terreno,136.0,115000.0,,,845.5882352941177
67,"Lote/Terreno para comprar com 307 m² em
Jardim Jacinto, Jacareí",R$ 399.000 Cond. R$ 350 • IPTU R$ 1.200,"Tamanho do imóvel
307 m²",,,,Terreno,307.0,399000.0,,,1299.6742671009772
67,"Lote/Terreno para comprar com 250 m² em
Jardim Residencial Golden Park, Jacareí",R$ 300.000 Cond. R$ 442 • IPTU R$ 120,"Tamanho do imóvel
250 m²",,,,Terreno,250.0,300000.0,,,1200.0
67,"Lote/Terreno para comprar com 630 m² em
Jardim Paraíba, Jacareí",R$ 770.000 Cond. R$ 950 • IPTU R$ 200,"Tamanho do imóvel
630 m²",,,,Terreno,630.0,770000.0,,,1222.2222222222222
67,"Lote/Terreno para comprar com 10 m² em
Condomínio Vem Viver Jacareí, Jacareí",R$ 435.000 Cond. R$ 400 • IPTU R$ 120,"Tamanho do imóvel
10 m²",,,,Terreno,10.0,435000.0,,,43500.0
67,"Lote/Terreno para comprar com 250 m² em
Jardim Califórnia, Jacareí",R$ 480.000 Cond. R$ 350,"Tamanho do imóvel
250 m²",,,,Terreno,250.0,480000.0,,,1920.0
67,"Lote/Terreno para comprar com 235 m² em
Residencial Parque dos Sinos, Jacareí",R$ 320.000,"Tamanho do imóvel
235 m²",,,,Terreno,235.0,320000.0,,,1361.7021276595744
67,"Lote/Terreno para comprar com 1020 m² em
Parque Imperial, Jacareí",R$ 230.000 Cond. R$ 770,"Tamanho do imóvel
1020 m²",,,,Terreno,1020.0,230000.0,,,225.49019607843138
67,"Lote/Terreno para comprar com 2000 m² em
Chácaras Reunidas Igarapés, Jacareí",R$ 260.000,"Tamanho do imóvel
2000 m²",,,,Terreno,2000.0,260000.0,,,130.0
67,"Lote/Terreno para comprar com 2117 m² em
Jardim Nova Esperança, Jacareí",R$ 415.000 Cond. R$ 850 • IPTU R$ 830,"Tamanho do imóvel
2117 m²",,,,Terreno,2117.0,415000.0,,,196.03212092583846
67,"Lote/Terreno para comprar com 1163 m² em
Condomínio Residencial Mirante do Vale, Jacareí",R$ 640.000 Cond. R$ 550 • IPTU R$ 100,"Tamanho do imóvel
1163 m²",,,,Terreno,1163.0,640000.0,,,550.3009458297506
68,"Lote/Terreno para comprar com 2117 m² em
Jardim Nova Esperança, Jacareí",R$ 415.000 Cond. R$ 850 • IPTU R$ 830,"Tamanho do imóvel
2117 m²",,,,Terreno,2117.0,415000.0,,,196.03212092583846
68,"Lote/Terreno para comprar com 1163 m² em
Condomínio Residencial Mirante do Vale, Jacareí",R$ 640.000 Cond. R$ 550 • IPTU R$ 100,"Tamanho do imóvel
1163 m²",,,,Terreno,1163.0,640000.0,,,550.3009458297506
68,"Lote/Terreno para comprar com 1125 m² em
Jardim Nova Esperança, Jacareí",R$ 385.000 Cond. R$ 830 • IPTU R$ 458,"Tamanho do imóvel
1125 m²",,,,Terreno,1125.0,385000.0,,,342.22222222222223
68,"Lote/Terreno para comprar com 2650 m² em
Bandeira Branca, Jacareí",R$ 599.000 Cond. R$ 636 • IPTU R$ 800,"Tamanho do imóvel
2650 m²",,,,Terreno,2650.0,599000.0,,,226.03773584905662
68,"Lote/Terreno para comprar com 300 m² em
Jardim Paraíba, Jacareí",R$ 480.000,"Tamanho do imóvel
300 m²",,,,Terreno,300.0,480000.0,,,1600.0
68,"Lote/Terreno para comprar com 300 m² em
Jardim Paraíba, Jacareí",R$ 480.000,"Tamanho do imóvel
300 m²",,,,Terreno,300.0,480000.0,,,1600.0
68,"Lote/Terreno para comprar com 273 m² em
Condomínio Residencial Fogaça, Jacareí",R$ 410.000 Cond. R$ 390,"Tamanho do imóvel
273 m²",,,,Terreno,273.0,410000.0,,,1501.8315018315018
68,"Lote/Terreno para comprar com 6000 m² em
Jardim Colônia, Jacareí",R$ 477.000 Cond. R$ 200,"Tamanho do imóvel
6000 m²",,,,Terreno,6000.0,477000.0,,,79.5
69,"Lote/Terreno para comprar com 300 m² em
Jardim Santa Maria, Jacareí",R$ 330.000,"Tamanho do imóvel
300 m²",,,,Terreno,300.0,330000.0,,,1100.0
69,"Lote/Terreno para comprar com 250 m² em
Loteamento Villa Branca, Jacareí",R$ 453.000 IPTU R$ 1.014,"Tamanho do imóvel
250 m²",,,,Terreno,250.0,453000.0,,,1812.0
69,"Lote/Terreno para comprar com 250 m² em
Condomínio Vem Viver Jacareí, Jacareí",R$ 461.100 Cond. R$ 450 • IPTU R$ 900,"Tamanho do imóvel
250 m²",,,,Terreno,250.0,461100.0,,,1844.4
69,"Lote/Terreno para comprar com 360 m² em
Jardim Califórnia, Jacareí",R$ 605.000 Cond. R$ 700 • IPTU R$ 120,"Tamanho do imóvel
360 m²",,,,Terreno,360.0,605000.0,,,1680.5555555555557
69,"Lote/Terreno para comprar com 630 m² em
Jardim Califórnia, Jacareí",R$ 1.000.000 Cond. R$ 700 • IPTU R$ 200,"Tamanho do imóvel
630 m²",,,,Terreno,630.0,1000000.0,,,1587.3015873015872
69,"Lote/Terreno para comprar com 250 m² em
Condomínio Vem Viver Jacareí, Jacareí",R$ 495.000 Cond. R$ 450 • IPTU R$ 100,"Tamanho do imóvel
250 m²",,,,Terreno,250.0,495000.0,,,1980.0
70,"Lote/Terreno para comprar com 331 m² em
Jardim Santa Maria, Jacareí",R$ 267.300 IPTU R$ 100,"Tamanho do imóvel
331 m²",,,,Terreno,331.0,267300.0,,,807.5528700906344
70,"Lote/Terreno para comprar com 250 m² em
Condomínio Vem Viver Jacareí, Jacareí",R$ 480.000 Cond. R$ 440,"Tamanho do imóvel
250 m²",,,,Terreno,250.0,480000.0,,,1920.0
70,"Lote/Terreno para comprar com 1428 m², 5 vagas em
Jardim Nova Esperança, Jacareí",R$ 330.321 Cond. R$ 128 • IPTU R$ 50,"Tamanho do imóvel
1428 m²",,,"Quantidade de vagas de garagem
5",Terreno,1428.0,330321.0,,5.0,231.3172268907563
70,"Lote/Terreno para comprar com 1863 m² em
Jardim Colinas, Jacareí",R$ 405.000,"Tamanho do imóvel
1863 m²",,,,Terreno,1863.0,405000.0,,,217.3913043478261
70,"Lote/Terreno para comprar com 361 m² em
Jardim Califórnia, Jacareí",R$ 532.113 Cond. R$ 535,"Tamanho do imóvel
361 m²",,,,Terreno,361.0,532113.0,,,1473.9972299168976
71,"Lote/Terreno para comprar com 270 m² em
Jardim Residencial Golden Park, Jacareí",R$ 375.000 Cond. R$ 450,"Tamanho do imóvel
270 m²",,,,Terreno,270.0,375000.0,,,1388.888888888889
71,"Lote/Terreno para comprar com 361 m² em
Jardim Califórnia, Jacareí",R$ 532.113 Cond. R$ 535,"Tamanho do imóvel
361 m²",,,,Terreno,361.0,532113.0,,,1473.9972299168976
71,"Lote/Terreno para comprar com 360 m² em
Condomínio Sunset Garden, Jacareí",R$ 529.920 Cond. R$ 535,"Tamanho do imóvel
360 m²",,,,Terreno,360.0,529920.0,,,1472.0
71,"Lote/Terreno para comprar com 250 m² em
Condomínio Vem Viver Jacareí, Jacareí",R$ 426.000 Cond. R$ 500,"Tamanho do imóvel
250 m²",,,,Terreno,250.0,426000.0,,,1704.0
71,"Lote/Terreno para comprar com 470 m² em
Jardim Jacinto, Jacareí",R$ 520.000,"Tamanho do imóvel
470 m²",,,,Terreno,470.0,520000.0,,,1106.3829787234042
71,"Lote/Terreno para comprar com 533 m² em
Condomínio Vem Viver Jacareí, Jacareí",R$ 640.000 Cond. R$ 400 • IPTU R$ 150,"Tamanho do imóvel
533 m²",,,,Terreno,533.0,640000.0,,,1200.750469043152
71,"Lote/Terreno para comprar com 1167 m² em
Condomínio Residencial Mirante do Vale, Jacareí",R$ 640.000 Cond. R$ 630 • IPTU R$ 1.710,"Tamanho do imóvel
1167 m²",,,,Terreno,1167.0,640000.0,,,548.4147386461011
72,"Lote/Terreno para comprar com 1000 m² em
Jardim Terras de Santa Helena, Jacareí",R$ 375.000 Cond. R$ 500,"Tamanho do imóvel
1000 m²",,,,Terreno,1000.0,375000.0,,,375.0
72,"Imóvel para comprar com 135 m², 4 quartos, 3 banheiros, 2 vagas em
Loteamento Villa Branca, Jacareí",R$ 890.000 IPTU R$ 850,"Tamanho do imóvel
135 m²","Quantidade de quartos
4","Quantidade de banheiros
3","Quantidade de vagas de garagem
2",Terreno,135.0,890000.0,4.0,2.0,6592.592592592592
72,"Lote/Terreno para comprar com 296 m² em
Residencial Santa Paula, Jacareí",R$ 380.000 IPTU R$ 500,"Tamanho do imóvel
296 m²",,,,Terreno,296.0,380000.0,,,1283.7837837837837
72,"Lote/Terreno para comprar com 250 m² em
Jardim São Gabriel, Jacareí",R$ 372.000 Cond. R$ 388,"Tamanho do imóvel
250 m²",,,,Terreno,250.0,372000.0,,,1488.0
72,"Lote/Terreno para comprar com 250 m² em
Condomínio Vem Viver Jacareí, Jacareí",R$ 485.000 Cond. R$ 430 • IPTU R$ 80,"Tamanho do imóvel
250 m²",,,,Terreno,250.0,485000.0,,,1940.0
73,"Lote/Terreno para comprar com 1000 m² em
Condomínio Parque Vale dos Lagos, Jacareí",R$ 300.000 Cond. R$ 630 • IPTU R$ 120,"Tamanho do imóvel
1000 m²",,,,Terreno,1000.0,300000.0,,,300.0
73,"Lote/Terreno para comprar com 252 m² em
Jardim São Gabriel, Jacareí",R$ 350.000 Cond. R$ 350,"Tamanho do imóvel
252 m²",,,,Terreno,252.0,350000.0,,,1388.888888888889
73,"Lote/Terreno para comprar com 700 m² em
Jardim Luiza, Jacareí",R$ 1.050.000 IPTU R$ 800,"Tamanho do imóvel
700 m²",,,,Terreno,700.0,1050000.0,,,1500.0
74,"Lote/Terreno para comprar com 250 m² em
Condomínio Vem Viver Jacareí, Jacareí",R$ 440.000 Cond. R$ 450 • IPTU R$ 150,"Tamanho do imóvel
250 m²",,,,Terreno,250.0,440000.0,,,1760.0
74,"Lote/Terreno para comprar com 1906 m² em
Condomínio Residencial Mirante do Vale, Jacareí",R$ 615.000 Cond. R$ 650 • IPTU R$ 150,"Tamanho do imóvel
1906 m²",,,,Terreno,1906.0,615000.0,,,322.66526757607556
74,"Lote/Terreno para comprar com 335 m² em
Vila Formosa, Jacareí",R$ 380.000,"Tamanho do imóvel
335 m²",,,,Terreno,335.0,380000.0,,,1134.3283582089553
74,"Lote/Terreno para comprar com 307 m² em
Jardim Jacinto, Jacareí",R$ 399.000 Cond. R$ 335,"Tamanho do imóvel
307 m²",,,,Terreno,307.0,399000.0,,,1299.6742671009772
75,"Lote/Terreno para comprar com 600 m² em
Centro, Jacareí",R$ 750.000 IPTU R$ 137,"Tamanho do imóvel
600 m²",,,,Terreno,600.0,750000.0,,,1250.0
75,"Lote/Terreno para comprar com 1360 m² em
Jardim Nova Esperança, Jacareí",R$ 200.000 Cond. R$ 650,"Tamanho do imóvel
1360 m²",,,,Terreno,1360.0,200000.0,,,147.05882352941177
75,"Lote/Terreno para comprar com 250 m² em
Jardim São Gabriel, Jacareí",R$ 330.000 Cond. R$ 350 • IPTU R$ 1.000,"Tamanho do imóvel
250 m²",,,,Terreno,250.0,330000.0,,,1320.0
75,"Lote/Terreno para comprar com 1485 m² em
Condomínio Residencial Mirante do Vale, Jacareí",R$ 1.100.000 Cond. R$ 540 • IPTU R$ 167,"Tamanho do imóvel
1485 m²",,,,Terreno,1485.0,1100000.0,,,740.7407407407408
75,"Lote/Terreno para comprar com 360 m² em
Jardim Califórnia, Jacareí",R$ 590.000 Cond. R$ 700 • IPTU R$ 1.200,"Tamanho do imóvel
360 m²",,,,Terreno,360.0,590000.0,,,1638.888888888889
75,"Lote/Terreno para comprar com 250 m² em
Condomínio Vem Viver Jacareí, Jacareí",R$ 426.000 Cond. R$ 450 • IPTU R$ 120,"Tamanho do imóvel
250 m²",,,,Terreno,250.0,426000.0,,,1704.0
76,"Lote/Terreno para comprar com 250 m² em
Condomínio Vem Viver Jacareí, Jacareí",R$ 426.000 Cond. R$ 450 • IPTU R$ 120,"Tamanho do imóvel
250 m²",,,,Terreno,250.0,426000.0,,,1704.0
76,"Lote/Terreno para comprar com 1007 m² em
Jardim Rio Comprido, Jacareí",R$ 650.000 Cond. R$ 850,"Tamanho do imóvel
1007 m²",,,,Terreno,1007.0,650000.0,,,645.4816285998014
76,"Lote/Terreno para comprar com 470 m² em
Jardim Jacinto, Jacareí",R$ 645.000 IPTU R$ 2.088,"Tamanho do imóvel
470 m²",,,,Terreno,470.0,645000.0,,,1372.340425531915
76,"Lote/Terreno para comprar com 1705 m² em
Cidade Salvador, Jacareí",R$ 2.200.000 IPTU R$ 3.500,"Tamanho do imóvel
1705 m²",,,,Terreno,1705.0,2200000.0,,,1290.3225806451612
76,"Lote/Terreno para comprar com 360 m² em
Condomínio Sunset Garden, Jacareí",R$ 529.920 Cond. R$ 535,"Tamanho do imóvel
360 m²",,,,Terreno,360.0,529920.0,,,1472.0
76,"Lote/Terreno para comprar com 533 m² em
Jardim Califórnia, Jacareí",R$ 650.000 Cond. R$ 400 • IPTU R$ 150,"Tamanho do imóvel
533 m²",,,,Terreno,533.0,650000.0,,,1219.5121951219512
77,"Lote/Terreno para comprar com 250 m² em
Bandeira Branca, Jacareí",R$ 335.000 Cond. R$ 350,"Tamanho do imóvel
250 m²",,,,Terreno,250.0,335000.0,,,1340.0
78,"Lote/Terreno para comprar com 175 m² em
Loteamento Villa Branca, Jacareí",R$ 230.000 IPTU R$ 700,"Tamanho do imóvel
175 m²",,,,Terreno,175.0,230000.0,,,1314.2857142857142
78,"Lote/Terreno para comprar com 68450 m² em
Parque Meia Lua, Jacareí",R$ 32.860.000,"Tamanho do imóvel
68450 m²",,,,Terreno,68450.0,32860000.0,,,480.05843681519355
78,"Lote/Terreno para comprar com 366 m² em
Cidade Jardim, Jacareí",R$ 395.000,"Tamanho do imóvel
366 m²",,,,Terreno,366.0,395000.0,,,1079.2349726775956
78,"Lote/Terreno para comprar com 1974 m² em
Cidade Jardim, Jacareí",R$ 800.000 Cond. R$ 800 • IPTU R$ 1.480,"Tamanho do imóvel
1974 m²",,,,Terreno,1974.0,800000.0,,,405.26849037487335
78,"Lote/Terreno para comprar com 110000 m² em
Jardim Paraíso, Jacareí",R$ 8.000.000,"Tamanho do imóvel
110000 m²",,,,Terreno,110000.0,8000000.0,,,72.72727272727273
79,"Lote/Terreno para comprar com 110000 m² em
Jardim Paraíso, Jacareí",R$ 8.000.000,"Tamanho do imóvel
110000 m²",,,,Terreno,110000.0,8000000.0,,,72.72727272727273
79,"Lote/Terreno para comprar com 10 m² em
Jardim Rio Comprido, Jacareí",R$ 650.000 Cond. R$ 640,"Tamanho do imóvel
10 m²",,,,Terreno,10.0,650000.0,,,65000.0
79,"Lote/Terreno para comprar com 300 m² em
Jardim Paraíba, Jacareí",R$ 550.000 Cond. R$ 550,"Tamanho do imóvel
300 m²",,,,Terreno,300.0,550000.0,,,1833.3333333333333
79,"Lote/Terreno para comprar com 250 m² em
Loteamento Villa Branca, Jacareí",R$ 490.000 IPTU R$ 350,"Tamanho do imóvel
250 m²",,,,Terreno,250.0,490000.0,,,1960.0
79,"Lote/Terreno para comprar com 1007 m² em
Condomínio Residencial Mirante do Vale, Jacareí",R$ 650.000 Cond. R$ 610 • IPTU R$ 150,"Tamanho do imóvel
1007 m²",,,,Terreno,1007.0,650000.0,,,645.4816285998014
79,"Lote/Terreno para comprar com 250 m² em
Jardim São Gabriel, Jacareí",R$ 380.000 Cond. R$ 388,"Tamanho do imóvel
250 m²",,,,Terreno,250.0,380000.0,,,1520.0
79,"Lote/Terreno para comprar com 250 m² em
Condomínio Vem Viver Jacareí, Jacareí",R$ 580.000 Cond. R$ 340 • IPTU R$ 110,"Tamanho do imóvel
250 m²",,,,Terreno,250.0,580000.0,,,2320.0
79,"Lote/Terreno para comprar com 18054 m² em
Jardim Santo Antônio da Boa Vista, Jacareí",R$ 2.150.000,"Tamanho do imóvel
18054 m²",,,,Terreno,18054.0,2150000.0,,,119.08718289575717
80,"Lote/Terreno para comprar com 1049 m² em
Condomínio Parque Vale dos Lagos, Jacareí",R$ 350.000 Cond. R$ 930,"Tamanho do imóvel
1049 m²",,,,Terreno,1049.0,350000.0,,,333.6510962821735
80,"Lote/Terreno para comprar com 250 m² em
Cidade Jardim, Jacareí",R$ 290.000,"Tamanho do imóvel
250 m²",,,,Terreno,250.0,290000.0,,,1160.0
80,"Lote/Terreno para comprar com 500 m² em
Cidade Jardim, Jacareí",R$ 550.000,"Tamanho do imóvel
500 m²",,,,Terreno,500.0,550000.0,,,1100.0
80,"Lote/Terreno para comprar com 1000 m² em
Jardim Rio Comprido, Jacareí",R$ 690.000 Cond. R$ 620 • IPTU R$ 181,"Tamanho do imóvel
1000 m²",,,,Terreno,1000.0,690000.0,,,690.0
80,"Lote/Terreno para comprar com 1286 m² em
Da Cerejeira, Jacareí",R$ 589.000 Cond. R$ 580 • IPTU R$ 2.057,"Tamanho do imóvel
1286 m²",,,,Terreno,1286.0,589000.0,,,458.00933125972006
80,"Lote/Terreno para comprar com 392 m² em
Jardim Jacinto, Jacareí",R$ 457.000 Cond. R$ 500,"Tamanho do imóvel
392 m²",,,,Terreno,392.0,457000.0,,,1165.8163265306123
80,"Lote/Terreno para comprar com 324 m² em
Jardim Marister, Jacareí",R$ 424.000,"Tamanho do imóvel
324 m²",,,,Terreno,324.0,424000.0,,,1308.641975308642
80,"Lote/Terreno para comprar com 110000 m² em
Jardim Paraíso, Jacareí",R$ 8.000.000 IPTU R$ 3.600,"Tamanho do imóvel
110000 m²",,,,Terreno,110000.0,8000000.0,,,72.72727272727273
81,"Lote/Terreno para comprar com 110000 m² em
Jardim Paraíso, Jacareí",R$ 8.000.000 IPTU R$ 3.600,"Tamanho do imóvel
110000 m²",,,,Terreno,110000.0,8000000.0,,,72.72727272727273
81,"Lote/Terreno para comprar com 307 m² em
Jardim Jacinto, Jacareí",R$ 399.000 Cond. R$ 355,"Tamanho do imóvel
307 m²",,,,Terreno,307.0,399000.0,,,1299.6742671009772
81,"Lote/Terreno para comprar com 1000 m² em
Da Cerejeira, Jacareí",R$ 580.000 Cond. R$ 800 • IPTU R$ 1.300,"Tamanho do imóvel
1000 m²",,,,Terreno,1000.0,580000.0,,,580.0
81,"Lote/Terreno para comprar com 14400 m² em
Rio Comprido, Jacareí",R$ 890.000,"Tamanho do imóvel
14400 m²",,,,Terreno,14400.0,890000.0,,,61.80555555555556
82,"Lote/Terreno para comprar com 18000 m² em
Cidade Jardim, Jacareí",R$ 3.600.000,"Tamanho do imóvel
18000 m²",,,,Terreno,18000.0,3600000.0,,,200.0
82,"Lote/Terreno para comprar com 1278 m² em
Bandeira Branca, Jacareí",R$ 410.000 Cond. R$ 950 • IPTU R$ 980,"Tamanho do imóvel
1278 m²",,,,Terreno,1278.0,410000.0,,,320.8137715179969
82,"Lote/Terreno para comprar com 3897 m² em
Bairro do Colonia, Jacareí",R$ 1.200.000 IPTU R$ 2.590,"Tamanho do imóvel
3897 m²",,,,Terreno,3897.0,1200000.0,,,307.92917628945344
82,"Lote/Terreno para comprar com 282 m² em
Jardim São Gabriel, Jacareí",R$ 410.000 Cond. R$ 390,"Tamanho do imóvel
282 m²",,,,Terreno,282.0,410000.0,,,1453.900709219858
82,"Lote/Terreno para comprar com 5000 m² em
Jardim Santo Antônio da Boa Vista, Jacareí",R$ 1.400.000,"Tamanho do imóvel
5000 m²",,,,Terreno,5000.0,1400000.0,,,280.0
82,"Lote/Terreno para comprar com 250 m² em
Condomínio Vem Viver Jacareí, Jacareí",R$ 500.000 Cond. R$ 435 • IPTU R$ 100,"Tamanho do imóvel
250 m²",,,,Terreno,250.0,500000.0,,,2000.0
83,"Lote/Terreno para comprar com 250 m² em
Condomínio Vem Viver Jacareí, Jacareí",R$ 500.000 Cond. R$ 435 • IPTU R$ 100,"Tamanho do imóvel
250 m²",,,,Terreno,250.0,500000.0,,,2000.0
83,"Lote/Terreno para comprar com 1104 m² em
Residencial São Paulo, Jacareí",R$ 1.500.000,"Tamanho do imóvel
1104 m²",,,,Terreno,1104.0,1500000.0,,,1358.695652173913
83,"Lote/Terreno para comprar com 371 m² em
Jardim Califórnia, Jacareí",R$ 545.803 Cond. R$ 535,"Tamanho do imóvel
371 m²",,,,Terreno,371.0,545803.0,,,1471.167115902965
83,"Lote/Terreno para comprar com 1000 m² em
Condomínio Residencial Mirante do Vale, Jacareí",R$ 798.000 Cond. R$ 560 • IPTU R$ 150,"Tamanho do imóvel
1000 m²",,,,Terreno,1000.0,798000.0,,,798.0
83,"Lote/Terreno para comprar com 990 m² em
Jardim Dora, Jacareí",R$ 600.000,"Tamanho do imóvel
990 m²",,,,Terreno,990.0,600000.0,,,606.060606060606
84,"Lote/Terreno para comprar com 1000 m² em
Parque Residencial Jequitibá, Jacareí",R$ 345.000 Cond. R$ 600 • IPTU R$ 90,"Tamanho do imóvel
1000 m²",,,,Terreno,1000.0,345000.0,,,345.0
84,"Lote/Terreno para comprar com 320 m² em
Jardim Terras de São João, Jacareí",R$ 270.000,"Tamanho do imóvel
320 m²",,,,Terreno,320.0,270000.0,,,843.75
84,"Lote/Terreno para comprar com 324 m² em
Jardim Marister, Jacareí",R$ 400.000,"Tamanho do imóvel
324 m²",,,,Terreno,324.0,400000.0,,,1234.567901234568
84,"Lote/Terreno para comprar com 2000 m² em
Jardim Esper, Jacareí",R$ 2.500.000 IPTU R$ 179,"Tamanho do imóvel
2000 m²",,,,Terreno,2000.0,2500000.0,,,1250.0
84,"Lote/Terreno para comprar com 300 m² em
Jardim Paraíba, Jacareí",R$ 550.000 Cond. R$ 550,"Tamanho do imóvel
300 m²",,,,Terreno,300.0,550000.0,,,1833.3333333333333
84,"Lote/Terreno para comprar com 270 m² em
Jardim Residencial Golden Park, Jacareí",R$ 330.000 Cond. R$ 485,"Tamanho do imóvel
270 m²",,,,Terreno,270.0,330000.0,,,1222.2222222222222
84,"Lote/Terreno para comprar com 1049 m² em
Bandeira Branca, Jacareí",R$ 340.000 Cond. R$ 600,"Tamanho do imóvel
1049 m²",,,,Terreno,1049.0,340000.0,,,324.11820781696855
85,"Lote/Terreno para comprar com 682 m² em
Jardim Paraíba, Jacareí",R$ 800.000 Cond. R$ 930 • IPTU R$ 32,"Tamanho do imóvel
682 m²",,,,Terreno,682.0,800000.0,,,1173.0205278592375
85,"Lote/Terreno para comprar com 381 m² em
Jardim Santa Maria, Jacareí",R$ 450.000 Cond. R$ 960,"Tamanho do imóvel
381 m²",,,,Terreno,381.0,450000.0,,,1181.1023622047244
85,"Lote/Terreno para comprar com 449 m² em
Condomínio Vem Viver Jacareí, Jacareí",R$ 750.000 IPTU R$ 49,"Tamanho do imóvel
449 m²",,,,Terreno,449.0,750000.0,,,1670.378619153675
85,"Lote/Terreno para comprar com 315 m² em
Condomínio Vem Viver Jacareí, Jacareí",R$ 524.000 Cond. R$ 350 • IPTU R$ 70,"Tamanho do imóvel
315 m²",,,,Terreno,315.0,524000.0,,,1663.4920634920634
85,"Lote/Terreno para comprar com 67336 m² em
Santa Cruz dos Lázaros, Jacareí",R$ 10.000.000,"Tamanho do imóvel
67336 m²",,,,Terreno,67336.0,10000000.0,,,148.50896994178447
85,"Lote/Terreno para comprar com 48000 m² em
Condomínio Residencial Mirante do Vale, Jacareí",R$ 50.000.000 IPTU R$ 1,"Tamanho do imóvel
48000 m²",,,,Terreno,48000.0,50000000.0,,,1041.6666666666667
85,"Lote/Terreno para comprar com 333 m² em
Jardim Flórida, Jacareí",R$ 256.000,"Tamanho do imóvel
333 m²",,,,Terreno,333.0,256000.0,,,768.7687687687687
86,"Lote/Terreno para comprar com 67336 m² em
Santa Cruz dos Lázaros, Jacareí",R$ 10.000.000,"Tamanho do imóvel
67336 m²",,,,Terreno,67336.0,10000000.0,,,148.50896994178447
86,"Lote/Terreno para comprar com 48000 m² em
Condomínio Residencial Mirante do Vale, Jacareí",R$ 50.000.000 IPTU R$ 1,"Tamanho do imóvel
48000 m²",,,,Terreno,48000.0,50000000.0,,,1041.6666666666667
86,"Lote/Terreno para comprar com 333 m² em
Jardim Flórida, Jacareí",R$ 256.000,"Tamanho do imóvel
333 m²",,,,Terreno,333.0,256000.0,,,768.7687687687687
86,"Lote/Terreno para comprar com 450 m² em
Jardim Califórnia, Jacareí",R$ 565.000 Cond. R$ 500 • IPTU R$ 100,"Tamanho do imóvel
450 m²",,,,Terreno,450.0,565000.0,,,1255.5555555555557
86,"Lote/Terreno para comprar com 10 m² em
Loteamento Villa Branca, Jacareí",R$ 320.000 IPTU R$ 66,"Tamanho do imóvel
10 m²",,,,Terreno,10.0,320000.0,,,32000.0
86,"Lote/Terreno para comprar com 250 m² em
Jardim São Gabriel, Jacareí",R$ 300.000,"Tamanho do imóvel
250 m²",,,,Terreno,250.0,300000.0,,,1200.0
86,"Lote/Terreno para comprar com 1000 m² em
Rio Abaixo, Jacareí",R$ 750.000 Cond. R$ 800,"Tamanho do imóvel
1000 m²",,,,Terreno,1000.0,750000.0,,,750.0
86,"Lote/Terreno para comprar com 1000 m² em
Rio Abaixo, Jacareí",R$ 750.000 Cond. R$ 800,"Tamanho do imóvel
1000 m²",,,,Terreno,1000.0,750000.0,,,750.0
87,"Lote/Terreno para comprar com 390 m² em
Condomínio Sunset Garden, Jacareí",R$ 574.080 Cond. R$ 535,"Tamanho do imóvel
390 m²",,,,Terreno,390.0,574080.0,,,1472.0
87,"Lote/Terreno para comprar com 392 m² em
Jardim Jacinto, Jacareí",R$ 470.000 Cond. R$ 350 • IPTU R$ 500,"Tamanho do imóvel
392 m²",,,,Terreno,392.0,470000.0,,,1198.9795918367347
87,"Lote/Terreno para comprar com 300 m² em
Jardim Paraíba, Jacareí",R$ 480.000,"Tamanho do imóvel
300 m²",,,,Terreno,300.0,480000.0,,,1600.0
87,"Lote/Terreno para comprar com 300 m² em
Jardim Paraíba, Jacareí",R$ 480.000 Cond. R$ 640,"Tamanho do imóvel
300 m²",,,,Terreno,300.0,480000.0,,,1600.0
87,"Lote/Terreno para comprar com 1158 m² em
Da Cerejeira, Jacareí",R$ 230.000 Cond. R$ 590 • IPTU R$ 670,"Tamanho do imóvel
1158 m²",,,,Terreno,1158.0,230000.0,,,198.6183074265976
87,"Lote/Terreno para comprar com 1888 m² em
Chácaras Condomínio Recanto Pássaros II, Jacareí",R$ 650.000 Cond. R$ 800,"Tamanho do imóvel
1888 m²",,,,Terreno,1888.0,650000.0,,,344.27966101694915
87,"Lote/Terreno para comprar com 630 m² em
Jardim Paraíba, Jacareí",R$ 780.000 Cond. R$ 930,"Tamanho do imóvel
630 m²",,,,Terreno,630.0,780000.0,,,1238.095238095238
88,"Lote/Terreno para comprar com 360 m² em
Condomínio Sunset Garden, Jacareí",R$ 574.080 Cond. R$ 535,"Tamanho do imóvel
360 m²",,,,Terreno,360.0,574080.0,,,1594.6666666666667
88,"Lote/Terreno para comprar com 250 m² em
Loteamento Villa Branca, Jacareí",R$ 350.000,"Tamanho do imóvel
250 m²",,,,Terreno,250.0,350000.0,,,1400.0
88,"Lote/Terreno para comprar com 5704 m² em
Chácaras Condomínio Recanto Pássaros II, Jacareí",R$ 912.720,"Tamanho do imóvel
5704 m²",,,,Terreno,5704.0,912720.0,,,160.0140252454418
88,"Lote/Terreno para comprar com 10 m² em
Condomínio Residencial Mirante do Vale, Jacareí",R$ 745.000 Cond. R$ 560 • IPTU R$ 1.300,"Tamanho do imóvel
10 m²",,,,Terreno,10.0,745000.0,,,74500.0
89,"Lote/Terreno para comprar com 5704 m² em
Chácaras Condomínio Recanto Pássaros II, Jacareí",R$ 912.720,"Tamanho do imóvel
5704 m²",,,,Terreno,5704.0,912720.0,,,160.0140252454418
89,"Lote/Terreno para comprar com 2625 m² em
Bairro do Colonia, Jacareí",R$ 1.280.000,"Tamanho do imóvel
2625 m²",,,,Terreno,2625.0,1280000.0,,,487.6190476190476
89,"Lote/Terreno para comprar com 250 m² em
Cidade Jardim, Jacareí",R$ 290.000,"Tamanho do imóvel
250 m²",,,,Terreno,250.0,290000.0,,,1160.0
89,"Lote/Terreno para comprar com 1349 m² em
Condomínio Lagoinha, Jacareí",R$ 945.000,"Tamanho do imóvel
1349 m²",,,,Terreno,1349.0,945000.0,,,700.5189028910304
89,"Lote/Terreno para comprar com 372 m² em
Condomínio Sunset Garden, Jacareí",R$ 547.319 Cond. R$ 630,"Tamanho do imóvel
372 m²",,,,Terreno,372.0,547319.0,,,1471.2876344086021
89,"Lote/Terreno para comprar com 1629 m² em
Condomínio Parque Vale dos Lagos, Jacareí",R$ 403.000 Cond. R$ 480 • IPTU R$ 180,"Tamanho do imóvel
1629 m²",,,,Terreno,1629.0,403000.0,,,247.39103744628608
89,"Lote/Terreno para comprar com 2230 m² em
Condomínio Parque Vale dos Lagos, Jacareí",R$ 597.000 Cond. R$ 675 • IPTU R$ 1.200,"Tamanho do imóvel
2230 m²",,,,Terreno,2230.0,597000.0,,,267.7130044843049
90,"Lote/Terreno para comprar com 1000 m² em
Jardim Rio Comprido, Jacareí",R$ 880.000 Cond. R$ 600,"Tamanho do imóvel
1000 m²",,,,Terreno,1000.0,880000.0,,,880.0
91,"Lote/Terreno para comprar com 1906 m² em
Condomínio Residencial Mirante do Vale, Jacareí",R$ 585.000 Cond. R$ 450 • IPTU R$ 100,"Tamanho do imóvel
1906 m²",,,,Terreno,1906.0,585000.0,,,306.92549842602307
91,"Lote/Terreno para comprar com 1800 m² em
Jardim Colinas, Jacareí",R$ 430.000,"Tamanho do imóvel
1800 m²",,,,Terreno,1800.0,430000.0,,,238.88888888888889
91,"Lote/Terreno para comprar com 1627 m² em
Da Cerejeira, Jacareí",R$ 535.000 Cond. R$ 550 • IPTU R$ 273,"Tamanho do imóvel
1627 m²",,,,Terreno,1627.0,535000.0,,,328.8260602335587
91,"Lote/Terreno para comprar com 307 m² em
Jardim Califórnia, Jacareí",R$ 500.000 Cond. R$ 400 • IPTU R$ 95,"Tamanho do imóvel
307 m²",,,,Terreno,307.0,500000.0,,,1628.6644951140065
91,"Lote/Terreno para comprar com 226 m² em
Loteamento Villa Branca, Jacareí",R$ 450.000,"Tamanho do imóvel
226 m²",,,,Terreno,226.0,450000.0,,,1991.1504424778761
92,"Lote/Terreno para comprar com 330 m² em
Loteamento Villa Branca, Jacareí",R$ 720.000 Cond. R$ 580 • IPTU R$ 210,"Tamanho do imóvel
330 m²",,,,Terreno,330.0,720000.0,,,2181.818181818182
93,"Lote/Terreno para comprar com 1700 m² em
Cidade Nova Jacareí, Jacareí",R$ 600.000 Cond. R$ 650 • IPTU R$ 80,"Tamanho do imóvel
1700 m²",,,,Terreno,1700.0,600000.0,,,352.94117647058823
93,"Lote/Terreno para comprar com 2356 m² em
Condomínio Parque Vale dos Lagos, Jacareí",R$ 497.000 Cond. R$ 500 • IPTU R$ 1.000,"Tamanho do imóvel
2356 m²",,,,Terreno,2356.0,497000.0,,,210.95076400679116
93,"Lote/Terreno para comprar com 1313 m² em
Bairro do Colonia, Jacareí",R$ 850.000,"Tamanho do imóvel
1313 m²",,,,Terreno,1313.0,850000.0,,,647.3724295506473
93,"Lote/Terreno para comprar com 250 m² em
Jardim América, Jacareí",R$ 350.000 Cond. R$ 380,"Tamanho do imóvel
250 m²",,,,Terreno,250.0,350000.0,,,1400.0
93,"Lote/Terreno para comprar com 1000 m² em
Da Cerejeira, Jacareí",R$ 450.000,"Tamanho do imóvel
1000 m²",,,,Terreno,1000.0,450000.0,,,450.0
93,"Lote/Terreno para comprar com 1000 m² em
Condomínio Residencial Mirante do Vale, Jacareí",R$ 850.000 Cond. R$ 650 • IPTU R$ 120,"Tamanho do imóvel
1000 m²",,,,Terreno,1000.0,850000.0,,,850.0
93,"Lote/Terreno para comprar com 900 m² em
São João, Jacareí",R$ 799.900 IPTU R$ 2.605,"Tamanho do imóvel
900 m²",,,,Terreno,900.0,799900.0,,,888.7777777777778
93,"Lote/Terreno para comprar com 1000 m² em
Condomínio Residencial Mirante do Vale, Jacareí",R$ 852.000 Cond. R$ 480 • IPTU R$ 3.600,"Tamanho do imóvel
1000 m²",,,,Terreno,1000.0,852000.0,,,852.0
93,"Lote/Terreno para comprar com 9000 m² em
Jardim São Luiz, Jacareí",R$ 3.600.000,"Tamanho do imóvel
9000 m²",,,,Terreno,9000.0,3600000.0,,,400.0
94,"Lote/Terreno para comprar com 1000 m² em
Condomínio Residencial Mirante do Vale, Jacareí",R$ 852.000 Cond. R$ 480 • IPTU R$ 3.600,"Tamanho do imóvel
1000 m²",,,,Terreno,1000.0,852000.0,,,852.0
94,"Lote/Terreno para comprar com 9000 m² em
Jardim São Luiz, Jacareí",R$ 3.600.000,"Tamanho do imóvel
9000 m²",,,,Terreno,9000.0,3600000.0,,,400.0
94,"Lote/Terreno para comprar com 250 m² em
Condomínio Vem Viver Jacareí, Jacareí",R$ 470.000 Cond. R$ 400 • IPTU R$ 165,"Tamanho do imóvel
250 m²",,,,Terreno,250.0,470000.0,,,1880.0
94,"Lote/Terreno para comprar com 1600 m² em
Jardim Califórnia, Jacareí",R$ 1.500.000 IPTU R$ 2.613,"Tamanho do imóvel
1600 m²",,,,Terreno,1600.0,1500000.0,,,937.5
94,"Lote/Terreno para comprar com 1350 m² em
Bandeira Branca, Jacareí",R$ 480.000,"Tamanho do imóvel
1350 m²",,,,Terreno,1350.0,480000.0,,,355.55555555555554
94,"Lote/Terreno para comprar com 20265 m² em
Parque Meia Lua, Jacareí",R$ 13.200.000,"Tamanho do imóvel
20265 m²",,,,Terreno,20265.0,13200000.0,,,651.3693560325685
94,"Lote/Terreno para comprar com 302500 m² em
Jardim Bela Vista, Jacareí",R$ 60.000.000,"Tamanho do imóvel
302500 m²",,,,Terreno,302500.0,60000000.0,,,198.34710743801654
95,"Lote/Terreno para comprar com 2200 m² em
Condomínio Parque Vale dos Lagos, Jacareí",R$ 430.000 Cond. R$ 900,"Tamanho do imóvel
2200 m²",,,,Terreno,2200.0,430000.0,,,195.45454545454547
95,"Lote/Terreno para comprar com 250 m² em
Loteamento Villa Branca, Jacareí",R$ 405.000,"Tamanho do imóvel
250 m²",,,,Terreno,250.0,405000.0,,,1620.0
95,"Lote/Terreno para comprar com 1098 m² em
Jardim Rio Comprido, Jacareí",R$ 850.000 Cond. R$ 627,"Tamanho do imóvel
1098 m²",,,,Terreno,1098.0,850000.0,,,774.1347905282331
95,"Lote/Terreno para comprar com 2123 m² em
Chácaras Reunidas Igarapés, Jacareí",R$ 636.000,"Tamanho do imóvel
2123 m²",,,,Terreno,2123.0,636000.0,,,299.57607159679696
95,"Lote/Terreno para comprar com 2141 m² em
Condomínio Residencial Mirante do Vale, Jacareí",R$ 1.363.000 Cond. R$ 628,"Tamanho do imóvel
2141 m²",,,,Terreno,2141.0,1363000.0,,,636.6184026156002
95,"Lote/Terreno para comprar com 1200 m² em
Jardim Esper, Jacareí",R$ 2.500.000 IPTU R$ 2.222,"Tamanho do imóvel
1200 m²",,,,Terreno,1200.0,2500000.0,,,2083.3333333333335
96,"Lote/Terreno para comprar com 1200 m² em
Jardim Esper, Jacareí",R$ 2.500.000 IPTU R$ 2.222,"Tamanho do imóvel
1200 m²",,,,Terreno,1200.0,2500000.0,,,2083.3333333333335
96,"Lote/Terreno para comprar com 1790 m² em
Condomínio Parque Vale dos Lagos, Jacareí",R$ 477.000 Cond. R$ 675 • IPTU R$ 1.160,"Tamanho do imóvel
1790 m²",,,,Terreno,1790.0,477000.0,,,266.4804469273743
96,"Lote/Terreno para comprar com 65232 m² em
Chácaras Santa Maria, Jacareí",R$ 4.800.000,"Tamanho do imóvel
65232 m²",,,,Terreno,65232.0,4800000.0,,,73.58351729212656
96,"Lote/Terreno para comprar com 250 m² em
Condomínio Residencial Fogaça, Jacareí",R$ 374.990 Cond. R$ 388 • IPTU R$ 60,"Tamanho do imóvel
250 m²",,,,Terreno,250.0,374990.0,,,1499.96
96,"Lote/Terreno para comprar com 940 m² em
Centro, Jacareí",R$ 1.450.000 IPTU R$ 2.861,"Tamanho do imóvel
940 m²",,,,Terreno,940.0,1450000.0,,,1542.5531914893618
97,"Lote/Terreno para comprar com 10 m² em
Jardim Paraíba, Jacareí",R$ 770.000,"Tamanho do imóvel
10 m²",,,,Terreno,10.0,770000.0,,,77000.0
97,"Lote/Terreno para comprar com 7700 m² em
Chácaras Santa Maria, Jacareí",R$ 650.000,"Tamanho do imóvel
7700 m²",,,,Terreno,7700.0,650000.0,,,84.41558441558442
97,"Lote/Terreno para comprar com 306 m² em
Jardim Jacinto, Jacareí",R$ 425.000 Cond. R$ 370 • IPTU R$ 517,"Tamanho do imóvel
306 m²",,,,Terreno,306.0,425000.0,,,1388.888888888889
97,"Lote/Terreno para comprar com 2000 m² em
Rio Abaixo, Jacareí",R$ 2.400.000,"Tamanho do imóvel
2000 m²",,,,Terreno,2000.0,2400000.0,,,1200.0
98,"Lote/Terreno para comprar com 275 m² em
Parque Brasil, Jacareí",R$ 320.000,"Tamanho do imóvel
275 m²",,,,Terreno,275.0,320000.0,,,1163.6363636363637
98,"Lote/Terreno para comprar com 654 m² em
Jardim Paraíba, Jacareí",R$ 1.100.000 Cond. R$ 1.200 • IPTU R$ 200,"Tamanho do imóvel
654 m²",,,,Terreno,654.0,1100000.0,,,1681.9571865443424
98,"Lote/Terreno para comprar com 290000 m² em
Jardim Marcondes, Jacareí",R$ 290.000.000,"Tamanho do imóvel
290000 m²",,,,Terreno,290000.0,290000000.0,,,1000.0
98,"Lote/Terreno para comprar com 680 m² em
Jardim Califórnia, Jacareí",R$ 780.000,"Tamanho do imóvel
680 m²",,,,Terreno,680.0,780000.0,,,1147.0588235294117
98,"Lote/Terreno para comprar com 1000 m² em
Condomínio Residencial Mirante do Vale, Jacareí",R$ 800.000 Cond. R$ 620 • IPTU R$ 160,"Tamanho do imóvel
1000 m²",,,,Terreno,1000.0,800000.0,,,800.0
98,"Lote/Terreno para comprar com 630 m² em
Jardim Paraíba, Jacareí",R$ 800.000 Cond. R$ 1.130,"Tamanho do imóvel
630 m²",,,,Terreno,630.0,800000.0,,,1269.8412698412699
98,"Lote/Terreno para comprar com 5000 m² em
Chácaras Rurais Guararema, Jacareí",R$ 450.000 IPTU R$ 1.328,"Tamanho do imóvel
5000 m²",,,,Terreno,5000.0,450000.0,,,90.0
98,"Lote/Terreno para comprar com 80000 m² em
Bairro do Colonia, Jacareí",R$ 35.200.000,"Tamanho do imóvel
80000 m²",,,,Terreno,80000.0,35200000.0,,,440.0
98,"Lote/Terreno para comprar com 999 m² em
Jardim Califórnia, Jacareí",R$ 1.690.000 Cond. R$ 1.980 • IPTU R$ 160,"Tamanho do imóvel
999 m²",,,,Terreno,999.0,1690000.0,,,1691.6916916916916
98,"Lote/Terreno para comprar com 300 m² em
Jardim Paraíba, Jacareí",R$ 480.000,"Tamanho do imóvel
300 m²",,,,Terreno,300.0,480000.0,,,1600.0
99,"Lote/Terreno para comprar com 1345 m² em
Condomínio Parque Vale dos Lagos, Jacareí",R$ 450.000 Cond. R$ 500 • IPTU R$ 1.000,"Tamanho do imóvel
1345 m²",,,,Terreno,1345.0,450000.0,,,334.5724907063197
99,"Lote/Terreno para comprar com 43000 m² em
Vila Martinez, Jacareí",R$ 43.000.000,"Tamanho do imóvel
43000 m²",,,,Terreno,43000.0,43000000.0,,,1000.0
99,"Lote/Terreno para comprar com 3300 m² em
Jardim Santa Maria, Jacareí",R$ 2.900.000,"Tamanho do imóvel
3300 m²",,,,Terreno,3300.0,2900000.0,,,878.7878787878788
100,"Lote/Terreno para comprar com 250 m² em
Loteamento Villa Branca, Jacareí",R$ 424.000,"Tamanho do imóvel
250 m²",,,,Terreno,250.0,424000.0,,,1696.0
100,"Lote/Terreno para comprar com 295 m² em
Jardim Paraíba, Jacareí",R$ 480.000,"Tamanho do imóvel
295 m²",,,,Terreno,295.0,480000.0,,,1627.1186440677966
100,"Lote/Terreno para comprar com 692 m² em
Jardim Paraíba, Jacareí",R$ 765.000 Cond. R$ 800,"Tamanho do imóvel
692 m²",,,,Terreno,692.0,765000.0,,,1105.4913294797689
100,"Lote/Terreno para comprar com 1200 m² em
Jardim Colinas, Jacareí",R$ 500.000,"Tamanho do imóvel
1200 m²",,,,Terreno,1200.0,500000.0,,,416.6666666666667
